X1,X2,X3,X4,X5,X6,X7,X8,X9,X10,X11,X12,X13,X14,X15,X16,X17,X18,X19
QLD,121,415,No,Yes,41,215.5,95,36.64,241.8,92,20.55,147,108,6.61,9.6,3,2.59,1
NSW,101,415,No,No,0,124.8,66,21.22,257.2,85,21.86,193.2,115,8.69,13.4,4,3.62,0
VIC,115,408,No,No,0,178.7,114,30.38,271,96,23.04,245.9,94,11.07,16.4,5,4.43,2
NSW,168,415,No,No,0,183.2,131,31.14,179.2,73,15.23,292.8,100,13.18,9.9,5,2.67,2
NSW,90,415,No,No,0,167.5,96,28.48,139.1,104,11.82,138.4,87,6.23,13,1,3.51,1
VIC,70,510,No,No,0,147.1,105,25.01,200,135,17,234.9,65,10.57,12.5,9,3.38,3
VIC,138,415,No,No,0,230.1,107,39.12,212,120,18.02,174.9,119,7.87,13.2,4,3.56,1
VIC,43,408,No,No,0,135.8,125,23.09,163.2,88,13.87,229.8,106,10.34,12.6,3,3.4,0
QLD,117,510,No,Yes,20,205.7,98,34.97,136.1,107,11.57,159.4,147,7.17,8.7,3,2.35,2
VIC,108,408,No,No,0,73.8,105,12.55,143.4,114,12.19,170.2,98,7.66,10.9,3,2.94,2
SA,118,408,No,No,0,189.3,119,32.18,233.5,112,19.85,270.9,104,12.19,10,1,2.7,2
VIC,169,408,No,No,0,147.2,115,25.02,161.9,123,13.76,142.1,103,6.39,7.2,6,1.94,3
TAS,62,408,No,Yes,42,137.3,95,23.34,184.2,94,15.66,231.4,70,10.41,10.2,3,2.75,0
VIC,86,510,No,No,0,70.7,125,12.02,211,113,17.94,174.6,107,7.86,0,0,0,2
SA,44,408,No,No,0,204.6,117,34.78,205.2,94,17.44,164.6,84,7.41,10.7,5,2.89,0
WA,111,510,No,No,0,123.1,88,20.93,213.9,84,18.18,184.9,88,8.32,12,2,3.24,5
QLD,127,510,No,Yes,19,129.7,115,22.05,160.8,101,13.67,265,63,11.93,12.2,3,3.29,2
NSW,151,415,Yes,No,0,198.7,70,33.78,209.5,106,17.81,281.9,126,12.69,12.4,4,3.35,0
VIC,53,415,No,No,0,145.1,116,24.67,233.7,82,19.86,208.7,95,9.39,7.9,5,2.13,2
NT,15,415,No,No,0,135.2,101,22.98,152.5,79,12.96,224.8,83,10.12,8.4,5,2.27,2
VIC,123,408,No,Yes,28,124.7,105,21.2,250.4,78,21.28,216.4,128,9.74,7.8,8,2.11,1
WA,137,415,No,No,0,215.9,76,36.7,145.4,118,12.36,186.9,129,8.41,12.1,4,3.27,1
NSW,106,415,No,No,0,119.2,142,20.26,228.4,139,19.41,197.9,61,8.91,8.4,9,2.27,2
TAS,88,510,No,No,0,144.3,116,24.53,156.4,74,13.29,214.7,90,9.66,7.8,10,2.11,3
SA,106,415,No,No,0,235.2,121,39.98,220.6,87,18.75,236.3,91,10.63,11.8,4,3.19,1
NSW,95,510,No,No,0,174,57,29.58,281.1,118,23.89,197.2,94,8.87,9.7,2,2.62,0
TAS,57,510,Yes,No,0,115,65,19.55,122.3,96,10.4,245,75,11.03,6.4,1,1.73,0
WA,184,408,No,No,0,151.7,93,25.79,178.5,77,15.17,229.1,111,10.31,13.1,8,3.54,2
WA,109,510,No,No,0,153.1,102,26.03,234.1,77,19.9,329.2,74,14.81,9.9,9,2.67,3
WA,127,415,No,No,0,218.6,93,37.16,149.9,130,12.74,204.6,131,9.21,9.2,5,2.48,2
WA,82,510,No,No,0,265.2,122,45.08,178.7,102,15.19,174.7,90,7.86,10.7,9,2.89,2
NSW,180,415,No,No,0,143.3,134,24.36,180.5,113,15.34,184.2,87,8.29,10.1,4,2.73,1
VIC,174,415,No,No,0,190.3,98,32.35,252.7,70,21.48,220.6,97,9.93,7.2,9,1.94,2
TAS,92,415,No,No,0,184.7,60,31.4,262,73,22.27,239.5,120,10.78,12.3,6,3.32,2
TAS,81,408,No,No,0,115.3,99,19.6,224.7,117,19.1,152.5,98,6.86,18,2,4.86,1
NSW,125,408,No,No,0,113,108,19.21,169.2,107,14.38,156.6,61,7.05,9.2,5,2.48,2
VIC,119,408,No,No,0,294.2,100,50.01,232.5,53,19.76,195,64,8.78,9,1,2.43,0
NSW,122,415,No,No,0,215.6,86,36.65,167.8,59,14.26,207,67,9.32,6.4,8,1.73,3
NSW,34,408,No,No,0,128.8,80,21.9,208.7,93,17.74,202.1,103,9.09,14,7,3.78,1
SA,138,415,Yes,Yes,28,211.2,117,35.9,312.5,98,26.56,178,118,8.01,10.7,2,2.89,3
TAS,90,415,No,Yes,24,71.2,82,12.1,181.6,103,15.44,186.9,111,8.41,12.9,1,3.48,1
VIC,73,408,No,No,0,94.9,121,16.13,253.2,83,21.52,175.1,86,7.88,14.2,2,3.83,2
TAS,19,510,No,No,0,259.4,116,44.1,269.7,109,22.92,175.3,130,7.89,9.5,3,2.57,1
WA,120,408,No,Yes,28,215.8,123,36.69,285.2,76,24.24,192.1,78,8.64,6.9,3,1.86,1
QLD,160,415,No,No,0,97.5,113,16.58,268.1,69,22.79,255.3,62,11.49,13.2,4,3.56,3
WA,141,510,No,No,0,146.5,121,24.91,169.9,125,14.44,238.8,112,10.75,8.2,5,2.21,0
QLD,90,408,No,No,0,157.9,72,26.84,234,93,19.89,210,86,9.45,12.2,5,3.29,2
VIC,72,415,No,No,0,139.9,117,23.78,223.6,96,19.01,240.8,93,10.84,12.7,4,3.43,2
VIC,117,408,No,Yes,21,153.2,112,26.04,263.3,110,22.38,135,85,6.08,11.9,7,3.21,1
NSW,79,408,Yes,No,0,103.5,134,17.6,319.3,111,27.14,239.9,124,10.8,8.4,4,2.27,2
WA,87,408,No,No,0,185.8,119,31.59,192.3,83,16.35,200,96,9,6.6,4,1.78,1
WA,102,415,No,No,0,129.5,56,22.02,354.2,118,30.11,145.5,93,6.55,10.9,3,2.94,1
QLD,49,408,No,No,0,236.6,91,40.22,220.9,146,18.78,146.8,114,6.61,8.9,2,2.4,1
VIC,67,408,No,No,0,260.4,107,44.27,208.2,104,17.7,207.9,115,9.36,10,2,2.7,6
TAS,107,415,No,No,0,167.3,100,28.44,163.9,79,13.93,185.9,100,8.37,6.7,5,1.81,2
NSW,190,408,No,No,0,182.2,101,30.97,212.3,95,18.05,233,123,10.49,9.3,4,2.51,2
WA,118,510,No,No,0,113,80,19.21,150.1,87,12.76,204.3,115,9.19,10.8,4,2.92,2
NSW,120,415,No,No,0,185.7,133,31.57,235.1,149,19.98,256.4,78,11.54,16.9,6,4.56,0
WA,94,408,No,No,0,136.2,114,23.15,165.1,118,14.03,137.9,71,6.21,9.6,5,2.59,0
VIC,115,510,No,Yes,29,222.6,81,37.84,190.3,109,16.18,201.2,87,9.05,11.5,2,3.11,1
VIC,61,415,No,No,0,197.3,67,33.54,264.5,106,22.48,210.5,116,9.47,9,6,2.43,1
VIC,143,510,No,Yes,33,141.4,130,24.04,186.4,114,15.84,210,111,9.45,7.7,6,2.08,1
NSW,110,510,No,No,0,208,69,35.36,95.1,94,8.08,178.5,129,8.03,8,11,2.16,1
NSW,104,415,No,No,0,118.5,92,20.15,177.8,109,15.11,255.7,98,11.51,12.1,4,3.27,1
QLD,16,510,No,No,0,153.2,65,26.04,229.7,90,19.52,148.2,94,6.67,10.7,8,2.89,1
NSW,183,510,No,No,0,108.3,87,18.41,183.6,116,15.61,176.6,109,7.95,13.5,2,3.65,0
VIC,147,408,No,No,0,168.6,92,28.66,187.7,107,15.95,216.5,95,9.74,14.4,8,3.89,2
VIC,58,415,No,No,0,247.2,116,42.02,303.7,103,25.81,105.4,94,4.74,9.3,2,2.51,2
VIC,102,510,Yes,No,0,224.2,81,38.11,243.3,90,20.68,147.8,66,6.65,12,8,3.24,3
NSW,123,415,No,No,0,166.9,98,28.37,221.8,77,18.85,243.9,114,10.98,12.8,4,3.46,3
VIC,64,415,No,Yes,43,118.4,100,20.13,144.1,108,12.25,158.1,91,7.11,8.5,6,2.3,1
TAS,103,510,No,No,0,190.9,62,32.45,226.6,53,19.26,230.1,96,10.35,7.8,3,2.11,2
VIC,152,415,No,No,0,317.8,60,54.03,152.9,100,13,123.4,63,5.55,10.4,7,2.81,1
VIC,124,415,No,No,0,312,112,53.04,180,109,15.3,168.6,94,7.59,12.8,4,3.46,1
SA,97,415,No,No,0,146,121,24.82,203,141,17.26,151.8,120,6.83,13.3,2,3.59,1
VIC,131,415,No,No,0,131.6,95,22.37,179.3,109,15.24,251.2,129,11.3,15.5,3,4.19,1
VIC,57,415,No,Yes,33,193.4,105,32.88,231.6,79,19.69,226.2,90,10.18,11.1,11,3,2
VIC,157,510,No,No,0,185.1,92,31.47,213,85,18.11,196.1,85,8.82,8.5,5,2.3,2
TAS,194,510,No,No,0,193.3,106,32.86,169,150,14.37,225.2,122,10.13,11.8,4,3.19,0
VIC,66,415,No,No,0,146.4,107,24.89,196.5,99,16.7,230.1,106,10.35,7.8,2,2.11,1
TAS,155,510,No,No,0,71.2,90,12.1,304.4,119,25.87,183.3,103,8.25,8.6,4,2.32,0
VIC,123,415,No,No,0,123.2,104,20.94,190,117,16.15,170.3,95,7.66,12.9,5,3.48,4
WA,116,510,No,No,0,205,90,34.85,140.9,114,11.98,272.6,96,12.27,7.5,4,2.03,2
WA,63,415,No,No,0,128.7,78,21.88,240.8,133,20.47,237.7,121,10.7,12.8,6,3.46,1
TAS,64,510,No,No,0,216.9,78,36.87,211,115,17.94,179.8,116,8.09,11.4,5,3.08,3
TAS,96,510,No,No,0,150,122,25.5,218.5,116,18.57,212.4,89,9.56,9.8,1,2.65,3
VIC,53,415,No,No,0,164.1,106,27.9,206,56,17.51,194.7,124,8.76,11.4,2,3.08,1
VIC,105,510,No,No,0,212,113,36.04,226.6,128,19.26,193.6,114,8.71,8.9,7,2.4,3
SA,53,510,No,Yes,37,167.3,99,28.44,194.7,99,16.55,236.7,112,10.65,12,9,3.24,2
QLD,101,415,No,No,0,154.4,130,26.25,217.2,101,18.46,185.4,52,8.34,13.9,4,3.75,1
NSW,129,510,No,Yes,30,177.3,95,30.14,211.8,102,18,240.2,108,10.81,9.3,7,2.51,3
NSW,122,408,No,No,0,231.2,141,39.3,267.8,136,22.76,240.3,100,10.81,8.8,5,2.38,1
SA,163,415,No,No,0,202.9,100,34.49,178.6,46,15.18,203.8,116,9.17,12.8,3,3.46,5
VIC,93,408,No,No,0,149.6,120,25.43,200.7,85,17.06,181.2,107,8.15,14.3,9,3.86,0
VIC,115,510,Yes,No,0,345.3,81,58.7,203.4,106,17.29,217.5,107,9.79,11.8,8,3.19,1
QLD,25,408,No,No,0,264.9,80,45.03,281.2,66,23.9,166.1,80,7.47,8.4,4,2.27,1
VIC,73,408,No,No,0,122,92,20.74,138.3,114,11.76,224.2,128,10.09,5.8,5,1.57,1
NSW,120,415,No,No,0,177.2,88,30.12,270.4,99,22.98,231.5,90,10.42,14,2,3.78,2
NSW,196,415,No,No,0,133.1,80,22.63,206.5,120,17.55,221.6,96,9.97,10.3,8,2.78,1
QLD,97,510,No,No,0,225.1,90,38.27,279.5,127,23.76,233.8,103,10.52,8.8,4,2.38,0
VIC,148,408,No,No,0,208.4,120,35.43,174.4,99,14.82,310.7,105,13.98,11.2,4,3.02,1
QLD,85,408,No,Yes,30,173.1,107,29.43,247.2,101,21.01,158.7,104,7.14,11.5,5,3.11,1
WA,86,510,Yes,No,0,162.4,131,27.61,167,102,14.2,128.9,118,5.8,11.4,2,3.08,2
VIC,78,415,No,Yes,13,281.2,93,47.8,178.2,101,15.15,244.2,129,10.99,6.4,5,1.73,2
WA,106,415,No,No,0,208.3,89,35.41,169.4,67,14.4,102,90,4.59,15.9,4,4.29,3
NSW,147,415,No,Yes,38,243.4,126,41.38,273.8,109,23.27,282.9,91,12.73,14.1,8,3.81,2
WA,145,415,No,No,0,224.2,89,38.11,314.9,121,26.77,182.9,121,8.23,16.1,3,4.35,1
NSW,91,415,No,No,0,189.3,100,32.18,239.3,107,20.34,89.7,89,4.04,9.9,3,2.67,3
NSW,81,408,No,Yes,46,168.3,124,28.61,270.9,103,23.03,222.5,98,10.01,6.7,2,1.81,4
QLD,116,415,No,Yes,24,232.9,90,39.59,152.1,94,12.93,344.3,82,15.49,10.7,6,2.89,1
VIC,69,415,No,Yes,37,155,98,26.35,142.4,105,12.1,143.7,117,6.47,5.9,4,1.59,1
NT,135,510,No,No,0,154.4,130,26.25,203.8,90,17.32,158.7,59,7.14,11.8,3,3.19,0
VIC,73,510,No,No,0,234.7,102,39.9,195.7,110,16.63,253.4,71,11.4,8.4,8,2.27,2
SA,48,415,No,No,0,240,88,40.8,141,117,11.99,128.9,137,5.8,7.1,9,1.92,1
TAS,125,415,Yes,No,0,298.4,78,50.73,270.5,142,22.99,107.3,84,4.83,12.2,2,3.29,0
VIC,100,415,No,No,0,166,102,28.22,236.1,97,20.07,134.3,93,6.04,10.9,4,2.94,1
SA,165,415,No,Yes,33,111.6,140,18.97,213.3,111,18.13,267.6,115,12.04,16,3,4.32,0
NSW,64,415,No,No,0,174.5,98,29.67,180.2,103,15.32,179,89,8.06,10.7,2,2.89,2
WA,116,510,Yes,Yes,27,175.5,137,29.84,210.6,60,17.9,294.8,121,13.27,6.9,5,1.86,1
NSW,147,408,Yes,Yes,35,157.5,109,26.78,189.6,67,16.12,227,76,10.22,11.1,2,3,3
NSW,115,415,No,No,0,206.2,113,35.05,176.4,102,14.99,297.1,119,13.37,11,7,2.97,1
NT,84,415,No,Yes,35,207.5,138,35.28,201,116,17.09,164.5,107,7.4,7.5,16,2.03,4
NSW,86,510,No,Yes,16,144.8,105,24.62,206.2,111,17.53,255.4,117,11.49,11.6,2,3.13,4
QLD,134,415,No,No,0,258.8,85,44,129.5,114,11.01,193.6,106,8.71,10.9,7,2.94,2
SA,105,415,No,No,0,226.9,106,38.57,182.2,77,15.49,203.9,107,9.18,11.6,2,3.13,0
WA,88,408,No,No,0,152.9,119,25.99,171.2,107,14.55,257,106,11.57,12,5,3.24,2
SA,90,408,No,Yes,27,156.7,51,26.64,236.5,118,20.1,123.2,111,5.54,12.6,6,3.4,2
TAS,86,408,No,No,0,150.8,85,25.64,295.9,88,25.15,247.2,104,11.12,12.5,1,3.38,1
NSW,37,415,No,No,0,221,126,37.57,204.5,110,17.38,118,98,5.31,6.8,3,1.84,4
TAS,141,415,No,Yes,32,322.4,92,54.81,283.2,107,24.07,209.5,111,9.43,6.7,3,1.81,1
NSW,148,408,No,No,0,153.6,148,26.11,262.1,87,22.28,225.5,99,10.15,9.8,3,2.65,2
VIC,163,408,No,Yes,22,215.1,91,36.57,138.9,102,11.81,146.2,109,6.58,12.4,2,3.35,2
VIC,89,415,No,Yes,35,174.4,108,29.65,196.7,100,16.72,127.4,74,5.73,11.8,3,3.19,1
NSW,63,415,No,No,0,180.5,126,30.69,230,98,19.55,232.5,73,10.46,10.6,3,2.86,0
QLD,102,415,No,No,0,123.1,106,20.93,182,102,15.47,244.6,75,11.01,12.6,7,3.4,2
NSW,76,510,No,No,0,165.7,94,28.17,257.4,80,21.88,170.8,114,7.69,10,4,2.7,1
NSW,104,408,No,No,0,200.2,92,34.03,118.7,87,10.09,236.6,65,10.65,6,6,1.62,2
QLD,109,510,No,No,0,154.8,82,26.32,287.7,109,24.45,208.4,80,9.38,5.9,9,1.59,3
NSW,105,510,No,No,0,125.4,116,21.32,261.5,95,22.23,241.6,104,10.87,11.4,9,3.08,2
QLD,63,415,No,Yes,33,184.2,111,31.31,312.6,89,26.57,264,55,11.88,12.2,4,3.29,1
VIC,105,415,No,Yes,24,274.7,99,46.7,193.5,118,16.45,299.6,109,13.48,10.8,3,2.92,3
VIC,68,415,Yes,Yes,39,142,140,24.14,241.6,89,20.54,302,72,13.59,11.3,5,3.05,1
TAS,63,408,Yes,Yes,21,151.5,99,25.76,147.8,89,12.56,210.4,114,9.47,10,4,2.7,1
SA,74,415,No,No,0,124.8,114,21.22,133,121,11.31,160.3,85,7.21,10.6,7,2.86,3
QLD,76,415,No,No,0,179.2,85,30.46,222.9,66,18.95,188.2,113,8.47,12.4,2,3.35,0
NSW,91,408,Yes,No,0,246.4,110,41.89,182,98,15.47,157.6,106,7.09,12.1,2,3.27,2
NSW,101,415,No,No,0,232.7,114,39.56,186.4,123,15.84,153.3,122,6.9,11.5,6,3.11,5
TAS,116,408,No,No,0,288,120,48.96,255.8,90,21.74,233.4,99,10.5,13.4,4,3.62,0
TAS,131,415,No,Yes,23,170.8,145,29.04,236.7,93,20.12,294.5,100,13.25,12.7,1,3.43,1
VIC,84,415,No,No,0,216.1,114,36.74,197.5,107,16.79,217.8,104,9.8,9.8,3,2.65,1
NSW,104,415,No,No,0,138.7,100,23.58,215.4,58,18.31,164.3,98,7.39,4.9,4,1.32,2
TAS,108,510,No,No,0,210.7,112,35.82,238.7,73,20.29,253.6,90,11.41,9.2,5,2.48,3
VIC,111,415,No,No,0,181.8,117,30.91,158.1,91,13.44,266.2,123,11.98,9.7,9,2.62,0
WA,155,408,No,Yes,30,61.6,103,10.47,255.1,110,21.68,225.9,96,10.17,12.4,5,3.35,1
VIC,66,510,No,No,0,207.7,85,35.31,196.7,112,16.72,261.7,83,11.78,6.8,3,1.84,1
NSW,64,510,No,No,0,219.2,73,37.26,167,65,14.2,161.4,119,7.26,10,5,2.7,1
VIC,69,415,No,No,0,227,122,38.59,258.7,111,21.99,169.7,87,7.64,8.9,1,2.4,2
VIC,116,415,No,No,0,245.9,73,41.8,240.1,87,20.41,158.7,89,7.14,8.9,5,2.4,3
VIC,101,415,No,No,0,257.3,84,43.74,184.8,115,15.71,108.9,109,4.9,13.5,7,3.65,0
WA,15,415,No,No,0,121.1,130,20.59,216,86,18.36,235.1,33,10.58,16.1,5,4.35,2
TAS,88,415,No,No,0,301.5,136,51.26,257.7,72,21.9,132.9,118,5.98,13.4,2,3.62,4
VIC,197,415,No,No,0,233.9,96,39.76,218.9,111,18.61,182.9,109,8.23,9.5,3,2.57,0
SA,50,415,Yes,No,0,99.6,108,16.93,308.7,102,26.24,161.2,62,7.25,13.7,6,3.7,2
SA,172,510,No,No,0,169.8,123,28.87,183.1,94,15.56,395,72,17.77,12.7,7,3.43,2
NSW,188,415,Yes,Yes,26,198.8,115,33.8,166.6,67,14.16,198.5,118,8.93,14.4,3,3.89,1
TAS,85,408,Yes,No,0,116.2,86,19.75,229.7,127,19.52,204.2,109,9.19,10.1,3,2.73,3
NSW,103,510,Yes,No,0,255.9,128,43.5,140.9,92,11.98,308.9,130,13.9,12.1,2,3.27,1
TAS,136,408,No,Yes,27,187.7,84,31.91,221,147,18.79,145.7,110,6.56,10,4,2.7,3
NSW,155,408,No,Yes,21,195.9,91,33.3,213.9,84,18.18,88.2,111,3.97,8.6,4,2.32,0
VIC,145,415,No,No,0,129.4,97,22,185.4,101,15.76,204.7,106,9.21,1.1,2,0.3,2
NSW,116,510,No,Yes,12,221,108,37.57,151,118,12.84,179,80,8.06,9,6,2.43,2
TAS,152,408,No,No,0,140.5,92,23.89,186.8,96,15.88,227,89,10.22,9.5,5,2.57,2
VIC,65,415,Yes,No,0,277.9,123,47.24,155.8,112,13.24,256.9,71,11.56,9.2,10,2.48,0
NSW,180,415,No,No,0,224.9,105,38.23,250,101,21.25,216.1,73,9.72,6.7,5,1.81,3
NSW,67,415,No,No,0,109.1,117,18.55,217.4,124,18.48,188.4,141,8.48,12.8,6,3.46,0
SA,60,415,No,No,0,207.8,109,35.33,123.5,112,10.5,291.6,115,13.12,5.7,9,1.54,0
QLD,138,510,No,No,0,205.9,96,35,257.1,94,21.85,209,63,9.4,12.1,8,3.27,0
VIC,44,415,No,No,0,308.6,139,52.46,150.8,94,12.82,198.7,66,8.94,7.3,3,1.97,4
VIC,25,510,No,No,0,242.6,69,41.24,209,117,17.77,219.7,82,9.89,14.4,6,3.89,2
NSW,145,408,No,No,0,229.6,82,39.03,138.1,103,11.74,250.8,109,11.29,3.3,3,0.89,1
WA,122,510,No,Yes,28,166,62,28.22,233.9,88,19.88,170.1,84,7.65,7.7,3,2.08,2
TAS,121,415,No,No,0,144.8,126,24.62,200.6,82,17.05,208.8,81,9.4,13.3,9,3.59,0
VIC,55,510,Yes,No,0,106.1,77,18.04,123.5,100,10.5,96.4,92,4.34,12.9,3,3.48,0
VIC,77,415,No,No,0,221.8,84,37.71,166,125,14.11,210.2,72,9.46,13.2,4,3.56,1
SA,12,415,No,No,0,204.6,98,34.78,212.5,90,18.06,182.1,95,8.19,9.8,7,2.65,2
SA,64,510,No,No,0,213.5,93,36.3,166.6,114,14.16,122,78,5.49,14.1,3,3.81,3
VIC,92,415,No,Yes,44,152,95,25.84,274.9,73,23.37,162.4,121,7.31,10,1,2.7,2
VIC,125,415,Yes,Yes,29,260.8,81,44.34,163.7,112,13.91,271.7,117,12.23,17,6,4.59,1
WA,160,408,No,No,0,166.4,117,28.29,317,129,26.95,160.4,121,7.22,10,2,2.7,1
NSW,79,415,No,No,0,177.9,83,30.24,167.3,84,14.22,223.7,142,10.07,15.2,8,4.1,0
NSW,36,415,No,No,0,235.1,97,39.97,196.8,104,16.73,259.7,110,11.69,7,7,1.89,3
VIC,102,415,No,No,0,186.8,92,31.76,173.7,123,14.76,250.9,131,11.29,9.7,4,2.62,2
NSW,138,408,Yes,No,0,268.4,81,45.63,174.4,115,14.82,193.5,96,8.71,11.6,4,3.13,1
QLD,164,510,No,No,0,192.1,95,32.66,249.8,94,21.23,132.6,100,5.97,7.3,3,1.97,3
VIC,125,415,No,No,0,240.7,82,40.92,269.4,85,22.9,187.1,74,8.42,10.1,3,2.73,0
WA,72,408,No,No,0,179.9,113,30.58,149.8,112,12.73,168.2,79,7.57,9.8,7,2.65,2
SA,74,415,No,No,0,314.1,86,53.4,222.4,99,18.9,259,121,11.66,12.3,5,3.32,3
SA,134,415,No,Yes,41,162,82,27.54,324.7,77,27.6,160.1,112,7.2,11.9,5,3.21,0
QLD,145,415,No,No,0,175.8,89,29.89,274.3,119,23.32,226.6,69,10.2,12.4,4,3.35,1
QLD,136,510,No,No,0,109.4,91,18.6,207.5,111,17.64,135,107,6.08,11.6,5,3.13,0
TAS,209,510,No,No,0,255.1,124,43.37,230.6,110,19.6,218,69,9.81,8.5,5,2.3,3
WA,66,415,Yes,No,0,208.7,84,35.48,173.3,88,14.73,264.7,107,11.91,8.3,3,2.24,3
VIC,152,510,No,Yes,20,214.6,108,36.48,96.6,82,8.21,170.7,145,7.68,7.9,5,2.13,1
VIC,162,408,No,No,0,49.2,121,8.36,143.9,136,12.23,203,97,9.14,12.1,13,3.27,1
SA,72,510,No,No,0,141.3,133,24.02,134.9,96,11.47,227.5,97,10.24,11.2,3,3.02,2
NSW,101,415,No,No,0,253.2,89,43.04,237.9,114,20.22,154.3,85,6.94,9.7,7,2.62,4
VIC,125,415,No,No,0,206,128,35.02,198.1,71,16.84,135.9,116,6.12,13.2,3,3.56,0
NSW,46,408,No,No,0,40.4,105,6.87,172.4,83,14.65,145.1,89,6.53,9,2,2.43,2
SA,132,408,No,No,0,291.2,104,49.5,234.2,132,19.91,191.7,87,8.63,8.9,3,2.4,1
VIC,193,415,No,Yes,31,71.2,58,12.1,124.7,105,10.6,155.5,108,7,11.7,3,3.16,0
VIC,63,510,No,No,0,261.8,69,44.51,245,135,20.83,202.1,94,9.09,14.7,4,3.97,0
NSW,124,510,No,No,0,191.3,134,32.52,261.5,113,22.23,182.3,111,8.2,10,3,2.7,1
VIC,144,415,No,No,0,133.3,101,22.66,255.5,127,21.72,228.6,68,10.29,11.6,2,3.13,0
TAS,116,408,No,Yes,24,183.6,138,31.21,203.8,90,17.32,166.9,89,7.51,6,3,1.62,2
WA,189,415,No,Yes,30,155.2,116,26.38,195.5,50,16.62,170.1,108,7.65,15.4,6,4.16,1
TAS,97,408,No,Yes,28,283.1,93,48.13,185.4,98,15.76,312.8,78,14.08,6.1,8,1.65,1
VIC,137,510,No,Yes,50,186.5,94,31.71,178,106,15.13,215.6,100,9.7,12.1,4,3.27,2
NSW,142,415,No,Yes,38,163.3,104,27.76,136,114,11.56,249.1,127,11.21,4.3,6,1.16,0
WA,84,510,No,No,0,203.4,125,34.58,182.9,88,15.55,213.7,121,9.62,13.8,2,3.73,1
TAS,119,415,No,Yes,19,178.1,110,30.28,212.8,100,18.09,226.3,123,10.18,10,6,2.7,1
SA,158,415,No,No,0,195.9,103,33.3,89.1,95,7.57,302.2,82,13.6,10.3,3,2.78,1
NSW,50,415,No,No,0,295.3,127,50.2,127.4,100,10.83,166.8,105,7.51,9.6,6,2.59,1
VIC,98,408,No,No,0,136.1,82,23.14,156.3,118,13.29,158.8,83,7.15,10.1,5,2.73,2
NSW,101,415,No,Yes,24,114.1,95,19.4,161.5,86,13.73,176.3,90,7.93,13,9,3.51,2
TAS,182,415,No,No,0,279.1,124,47.45,180.5,108,15.34,217.5,104,9.79,9.5,11,2.57,2
VIC,51,408,No,No,0,169.3,111,28.78,139.5,69,11.86,197,87,8.87,12,3,3.24,0
NSW,117,510,No,No,0,214.4,94,36.45,138,149,11.73,148.7,102,6.69,9.9,1,2.67,2
WA,92,415,Yes,No,0,255.8,125,43.49,142.7,111,12.13,181.2,101,8.15,11.7,3,3.16,0
SA,86,408,No,No,0,148.2,71,25.19,285.1,91,24.23,166.4,155,7.49,6.2,3,1.67,2
NSW,122,415,No,No,0,119.3,93,20.28,223.9,103,19.03,211.9,122,9.54,8.7,4,2.35,2
TAS,156,408,No,Yes,27,192.3,137,32.69,199.9,115,16.99,244.2,112,10.99,14.8,8,4,1
TAS,127,510,No,No,0,245.2,91,41.68,217.2,92,18.46,243.1,128,10.94,13.9,6,3.75,0
NSW,130,408,Yes,No,0,216.2,106,36.75,363.7,86,30.91,126.7,123,5.7,16.9,2,4.56,5
NSW,158,408,No,No,0,172.4,114,29.31,256.6,69,21.81,235.3,104,10.59,0,0,0,2
VIC,145,510,Yes,Yes,30,175.3,107,29.8,153.3,116,13.03,233.6,85,10.51,11.1,3,3,1
SA,90,415,Yes,Yes,26,169,104,28.73,188.8,104,16.05,213.3,76,9.6,13.3,3,3.59,0
WA,127,510,No,Yes,27,2.6,113,0.44,254,102,21.59,242.7,156,10.92,9.2,5,2.48,3
NT,109,415,No,No,0,184.1,143,31.3,211.7,105,17.99,243,116,10.93,9.9,2,2.67,1
QLD,88,415,No,No,0,181.9,90,30.92,151.5,87,12.88,143,100,6.44,7.5,3,2.03,1
NSW,101,510,No,Yes,9,160.1,116,27.22,210,121,17.85,139.1,65,6.26,10.8,9,2.92,0
NSW,171,510,No,No,0,189.8,122,32.27,173.7,85,14.76,257.1,84,11.57,10.3,1,2.78,0
SA,21,415,No,No,0,223.2,142,37.94,216.5,114,18.4,214.7,111,9.66,12.4,2,3.35,1
VIC,145,408,No,Yes,31,216,94,36.72,225.1,123,19.13,234.7,109,10.56,10.7,1,2.89,2
QLD,90,415,No,No,0,198.5,124,33.75,266.6,100,22.66,243.3,80,10.95,8,7,2.16,2
VIC,33,408,No,No,0,159.5,115,27.12,195.4,118,16.61,102.4,86,4.61,7.1,7,1.92,1
WA,61,408,No,Yes,40,105,78,17.85,180.6,100,15.35,174.1,115,7.83,10.2,2,2.75,2
TAS,107,415,No,No,0,204.5,108,34.77,162.4,110,13.8,155,102,6.98,13.4,1,3.62,3
WA,147,408,No,No,0,274,92,46.58,231.8,82,19.7,283.6,83,12.76,6.2,1,1.67,0
QLD,117,510,No,No,0,158.7,84,26.98,181.7,91,15.44,177.3,67,7.98,7.7,10,2.08,2
QLD,95,415,No,No,0,229.9,116,39.08,202.4,110,17.2,171.4,105,7.71,14.2,6,3.83,1
NSW,186,510,No,No,0,137.8,97,23.43,187.7,118,15.95,146.4,85,6.59,8.7,6,2.35,1
SA,128,415,No,No,0,179.4,94,30.5,270.4,92,22.98,191,88,8.59,7.9,4,2.13,0
TAS,55,408,No,Yes,39,139.3,101,23.68,178.3,117,15.16,246.5,104,11.09,8.1,1,2.19,3
VIC,134,415,No,No,0,7.8,86,1.33,171.4,100,14.57,186.5,80,8.39,12.9,2,3.48,2
NSW,96,415,No,Yes,23,183.1,88,31.13,147.4,89,12.53,350.2,108,15.76,11.3,7,3.05,1
TAS,107,415,No,No,0,206.9,79,35.17,262.4,117,22.3,149.3,69,6.72,10.7,3,2.89,0
NSW,123,415,No,No,0,140,106,23.8,153.7,101,13.06,50.1,87,2.25,12.5,1,3.38,2
WA,35,415,No,No,0,179.2,59,30.46,283.3,101,24.08,285.4,83,12.84,5.8,7,1.57,2
WA,74,408,No,No,0,177.4,136,30.16,240.3,104,20.43,237.3,133,10.68,12,3,3.24,0
NSW,130,408,No,No,0,115.6,129,19.65,167.8,104,14.26,141.8,124,6.38,12.6,9,3.4,1
NSW,137,408,Yes,No,0,237.3,103,40.34,176.7,84,15.02,263.4,81,11.85,14.2,4,3.83,0
NSW,88,415,No,No,0,181.5,116,30.86,187,119,15.9,220.3,96,9.91,10.5,7,2.84,1
VIC,80,408,No,No,0,51.5,90,8.76,164,98,13.94,169.4,80,7.62,9.5,4,2.57,3
NSW,116,408,No,Yes,19,155.7,104,26.47,185.4,118,15.76,192.7,116,8.67,8.2,2,2.21,3
NSW,123,510,No,Yes,23,245,88,41.65,265,105,22.53,239.7,108,10.79,14.9,3,4.02,2
VIC,120,415,No,No,0,131.7,99,22.39,163.1,109,13.86,201.1,116,9.05,10.7,3,2.89,1
SA,146,415,Yes,No,0,111.1,126,18.89,313.4,95,26.64,215.7,82,9.71,10.5,6,2.84,1
VIC,106,510,No,Yes,9,88.5,100,15.05,324.8,109,27.61,79.9,86,3.6,8.2,4,2.21,3
VIC,121,408,No,Yes,44,116,85,19.72,150.1,120,12.76,246.8,98,11.11,12,2,3.24,1
WA,137,510,No,No,0,155.5,81,26.44,133.1,94,11.31,253.1,77,11.39,9.1,2,2.46,1
TAS,84,408,No,Yes,30,106.5,65,18.11,225.7,108,19.18,188.6,61,8.49,5.7,3,1.54,2
NSW,67,510,No,Yes,31,175.2,68,29.78,199.2,73,16.93,219.8,99,9.89,13.2,6,3.56,1
WA,161,408,No,No,0,154.7,84,26.3,177.8,125,15.11,172.9,90,7.78,5.9,2,1.59,4
TAS,134,510,No,Yes,34,247.2,105,42.02,225.5,133,19.17,186.3,76,8.38,6.1,5,1.65,2
VIC,62,415,Yes,Yes,32,218.4,93,37.13,236.7,132,20.12,192.2,137,8.65,13.2,3,3.56,0
NSW,120,415,No,Yes,24,227.5,81,38.68,234.9,71,19.97,166.4,128,7.49,9,13,2.43,1
NSW,130,408,No,Yes,30,185,117,31.45,249.5,141,21.21,157.8,103,7.1,7.4,7,2,0
WA,20,408,No,No,0,186.8,89,31.76,253.4,51,21.54,273.1,105,12.29,12.3,6,3.32,2
VIC,68,415,No,No,0,158.8,119,27,211.8,105,18,198.1,101,8.91,10.3,3,2.78,1
VIC,112,415,No,No,0,208.7,150,35.48,212.8,104,18.09,178.1,98,8.01,8.5,4,2.3,0
NSW,77,408,No,No,0,185.9,95,31.6,212,98,18.02,282.3,81,12.7,11.3,4,3.05,3
TAS,109,415,No,No,0,222.5,74,37.83,169.7,75,14.42,264.3,94,11.89,9,3,2.43,2
NSW,108,415,No,No,0,201.1,101,34.19,170.7,86,14.51,237.4,113,10.68,11.6,3,3.13,3
VIC,79,415,No,Yes,17,167.9,114,28.54,243.7,93,20.71,211.9,114,9.54,9.1,2,2.46,1
WA,119,408,No,No,0,239.1,88,40.65,243.5,79,20.7,230.9,92,10.39,10.9,3,2.94,3
VIC,38,510,No,No,0,175.7,109,29.87,211.8,97,18,137.9,109,6.21,9.2,3,2.48,5
WA,109,415,No,Yes,29,111.2,90,18.9,263.5,98,22.4,224.7,128,10.11,9,6,2.43,6
VIC,78,415,No,No,0,87.7,74,14.91,214.8,58,18.26,201.3,147,9.06,10.8,6,2.92,1
VIC,134,415,No,No,0,244.1,99,41.5,246.9,111,20.99,200,133,9,7.2,2,1.94,0
WA,47,415,No,Yes,27,165,89,28.05,127.3,118,10.82,284.4,95,12.8,7.7,4,2.08,2
VIC,59,408,No,Yes,27,127.4,110,21.66,103.3,99,8.78,164.2,73,7.39,9.1,3,2.46,0
NT,151,415,No,No,0,194.8,106,33.12,292.7,103,24.88,224.6,82,10.11,5.5,3,1.49,0
NSW,129,415,No,No,0,54.7,131,9.3,256.1,105,21.77,176.6,135,7.95,11.1,4,3,1
SA,107,510,No,Yes,27,283.4,104,48.18,224.1,152,19.05,241.3,63,10.86,14.4,7,3.89,2
QLD,137,408,Yes,No,0,258,112,43.86,246.5,117,20.95,173.2,100,7.79,10.9,3,2.94,0
SA,76,510,No,No,0,90.5,142,15.39,211.7,75,17.99,194.9,76,8.77,9.3,2,2.51,1
NSW,24,415,No,No,0,235.6,132,40.05,115.9,129,9.85,185.4,136,8.34,16.2,2,4.37,0
NSW,169,408,No,No,0,142.5,82,24.23,231.4,110,19.67,131.2,67,5.9,10,4,2.7,2
VIC,30,408,No,No,0,54,68,9.18,179.3,96,15.24,247.2,101,11.12,10.2,8,2.75,1
VIC,70,415,No,No,0,214.8,87,36.52,131,114,11.14,216.9,104,9.76,9.4,3,2.54,3
NSW,52,510,Yes,No,0,251.4,118,42.74,196.6,80,16.71,192,53,8.64,11,2,2.97,0
NSW,3,408,No,No,0,139,99,23.63,250.7,108,21.31,286.2,87,12.88,6.1,3,1.65,4
VIC,38,415,No,No,0,117.3,114,19.94,208.7,105,17.74,203.4,98,9.15,14.4,2,3.89,2
VIC,104,415,No,No,0,264,108,44.88,132.2,75,11.24,177.7,91,8,10.6,8,2.86,3
VIC,27,408,No,No,0,82.6,105,14.04,204,99,17.34,224.2,122,10.09,9.1,4,2.46,1
NSW,166,415,Yes,Yes,28,175.8,126,29.89,253.6,76,21.56,128.5,72,5.78,11.4,5,3.08,1
QLD,13,408,No,No,0,220.4,100,37.47,211.2,79,17.95,259.3,112,11.67,13.6,8,3.67,2
TAS,52,408,No,No,0,217,104,36.89,152.3,83,12.95,134.3,109,6.04,11.8,4,3.19,2
NSW,114,415,No,Yes,25,129,77,21.93,290,110,24.65,177.1,110,7.97,11.6,5,3.13,1
TAS,156,408,No,No,0,150.5,106,25.59,152.9,112,13,215.9,86,9.72,3.5,3,0.95,1
TAS,90,415,No,Yes,42,193.3,66,32.86,263.3,85,22.38,214.4,97,9.65,11.1,4,3,0
VIC,62,415,No,No,0,189.5,122,32.22,103.8,95,8.82,180.6,106,8.13,10.8,5,2.92,2
TAS,82,415,No,Yes,33,137.8,95,23.43,235.5,128,20.02,268.1,70,12.06,11,6,2.97,2
VIC,52,510,No,No,0,129.3,80,21.98,142.7,101,12.13,258.3,89,11.62,12.3,4,3.32,3
TAS,146,510,No,No,0,115.6,77,19.65,213.6,100,18.16,218.4,72,9.83,10.7,6,2.89,1
NSW,120,415,No,Yes,23,221.9,114,37.72,254.7,84,21.65,250.5,117,11.27,7.2,5,1.94,2
NT,130,415,No,No,0,263.7,113,44.83,186.5,103,15.85,195.3,99,8.79,18.3,6,4.94,1
WA,90,408,No,No,0,61.3,91,10.42,194.4,94,16.52,143.1,80,6.44,11.4,9,3.08,1
NSW,147,408,Yes,No,0,183.8,113,31.25,164.7,110,14,111,87,5,10.1,4,2.73,1
NSW,159,415,No,No,0,167.4,68,28.46,143.8,74,12.22,140.1,111,6.3,10.3,3,2.78,0
NSW,74,510,No,Yes,27,154.1,122,26.2,195.3,150,16.6,276.7,86,12.45,13.2,2,3.56,4
SA,130,408,No,No,0,252,101,42.84,170.2,105,14.47,209.2,64,9.41,5.7,5,1.54,0
NSW,155,408,Yes,No,0,163.1,94,27.73,291.7,108,24.79,96.4,111,4.34,11.2,3,3.02,0
SA,87,415,No,No,0,198.3,80,33.71,187,89,15.9,133.5,96,6.01,16.6,4,4.48,2
SA,81,415,No,No,0,324.7,48,55.2,236.4,82,20.09,187.6,78,8.44,13.1,5,3.54,0
SA,99,510,No,No,0,128.3,78,21.81,215.3,120,18.3,143.7,140,6.47,14.3,9,3.86,2
NSW,131,510,No,No,0,187.9,110,31.94,200.5,101,17.04,202.6,125,9.12,10.2,11,2.75,2
QLD,89,510,No,No,0,129.2,71,21.96,214.1,68,18.2,214.9,100,9.67,10.3,4,2.78,5
VIC,123,415,Yes,No,0,125.5,106,21.34,128.9,96,10.96,251.9,129,11.34,6.3,6,1.7,4
VIC,130,510,No,Yes,26,257.2,108,43.72,224.3,122,19.07,204,118,9.18,12.6,4,3.4,1
NSW,99,415,No,No,0,124.6,90,21.18,146.4,70,12.44,169.4,95,7.62,10.5,6,2.84,1
VIC,36,408,No,No,0,175.1,144,29.77,216.9,69,18.44,243.7,146,10.97,9.9,3,2.67,1
VIC,87,415,No,No,0,124.3,91,21.13,173.4,105,14.74,256.3,109,11.53,7.5,5,2.03,3
VIC,139,415,No,No,0,271.6,130,46.17,156,131,13.26,136.3,108,6.13,11.6,9,3.13,2
NSW,189,510,No,No,0,219.9,80,37.38,143.3,117,12.18,130.6,69,5.88,11.7,7,3.16,1
NSW,96,415,No,Yes,33,183.3,115,31.16,201.4,87,17.12,177.4,84,7.98,10.4,15,2.81,3
QLD,112,408,No,No,0,101.1,119,17.19,214.4,67,18.22,179.5,112,8.08,10.3,5,2.78,2
NSW,75,408,No,No,0,203.3,70,34.56,228.9,97,19.46,222.2,118,10,14.3,3,3.86,1
NSW,178,415,No,Yes,35,175.4,88,29.82,190,65,16.15,138.7,94,6.24,10.5,3,2.84,2
TAS,112,415,No,No,0,266,97,45.22,214.6,94,18.24,306.2,100,13.78,14.2,2,3.83,2
TAS,108,415,No,Yes,41,171.6,110,29.17,136.1,78,11.57,183.4,103,8.25,10.8,7,2.92,0
TAS,100,510,No,No,0,78.7,98,13.38,225.6,102,19.18,150.4,106,6.77,14,8,3.78,0
NSW,121,510,No,Yes,20,211.9,110,36.02,215.1,120,18.28,238.5,107,10.73,9.4,2,2.54,0
NSW,116,415,No,No,0,63.7,101,10.83,195.8,95,16.64,210.1,87,9.45,10,6,2.7,1
TAS,161,415,No,No,0,173.4,100,29.48,213.7,74,18.16,141.5,69,6.37,11.5,4,3.11,1
QLD,19,415,Yes,No,0,237.7,98,40.41,207.1,121,17.6,182.2,95,8.2,4.5,4,1.22,0
VIC,104,415,No,No,0,225.9,123,38.4,162.8,106,13.84,272.1,85,12.24,10.1,4,2.73,1
NT,119,415,Yes,Yes,32,173,101,29.41,209.4,93,17.8,231.1,91,10.4,12.2,4,3.29,0
WA,125,415,No,No,0,224.9,102,38.23,143.8,87,12.22,198.9,105,8.95,8,2,2.16,0
NSW,156,510,No,No,0,237.7,122,40.41,181.5,91,15.43,185.7,151,8.36,7.7,4,2.08,1
NSW,109,415,No,No,0,137,128,23.29,217,116,18.45,182.1,86,8.19,10,5,2.7,2
TAS,95,510,No,No,0,142.5,109,24.23,176.1,107,14.97,189.6,88,8.53,8.2,3,2.21,2
VIC,90,408,No,No,0,142.4,126,24.21,126.2,118,10.73,274.2,71,12.34,4.6,4,1.24,1
QLD,105,415,No,Yes,21,147,112,24.99,197.3,43,16.77,267.4,93,12.03,8.7,3,2.35,2
TAS,101,510,No,No,0,220.3,124,37.45,188.6,101,16.03,278.4,98,12.53,10.6,4,2.86,1
VIC,95,415,No,No,0,149.2,96,25.36,260.7,116,22.16,201,120,9.05,8.1,2,2.19,1
VIC,123,415,No,No,0,204.4,88,34.75,137.5,111,11.69,226,100,10.17,10,4,2.7,0
VIC,160,408,No,No,0,216.8,77,36.86,207.3,117,17.62,228.6,117,10.29,5.6,2,1.51,1
QLD,141,510,No,Yes,28,308,123,52.36,247.8,128,21.06,152.9,103,6.88,7.4,3,2,1
VIC,87,415,No,No,0,58,125,9.86,67.5,116,5.74,185.9,136,8.37,11.5,3,3.11,0
NSW,81,415,No,No,0,173.2,80,29.44,236.2,94,20.08,240.2,84,10.81,11.8,6,3.19,2
VIC,75,415,No,Yes,19,210.3,90,35.75,241.8,87,20.55,215.7,102,9.71,13.1,3,3.54,4
QLD,126,408,No,Yes,24,58.9,125,10.01,305.5,90,25.97,158.9,73,7.15,12.1,6,3.27,0
VIC,28,415,No,No,0,236.8,102,40.26,167.1,87,14.2,280.2,115,12.61,9.7,3,2.62,3
TAS,153,415,No,No,0,228.9,102,38.91,160.7,136,13.66,203.1,109,9.14,12.5,2,3.38,0
TAS,97,408,No,Yes,32,90,87,15.3,276.3,113,23.49,185.2,107,8.33,8.6,6,2.32,2
NSW,115,408,No,No,0,146.7,128,24.94,106.2,74,9.03,197.7,104,8.9,11.1,4,3,2
WA,95,408,No,No,0,237.3,83,40.34,154,65,13.09,237,105,10.67,11.2,6,3.02,1
QLD,17,415,Yes,No,0,162.8,118,27.68,229.6,91,19.52,332.7,94,14.97,13.6,3,3.67,0
TAS,105,415,No,Yes,20,186.9,114,31.77,256.3,91,21.79,334.7,104,15.06,8.9,2,2.4,1
SA,121,415,No,No,0,86.1,100,14.64,259.8,113,22.08,148,79,6.66,9.1,9,2.46,2
NSW,125,408,No,No,0,212.3,89,36.09,215.4,127,18.31,186.8,73,8.41,11.3,2,3.05,2
VIC,124,415,No,No,0,151,98,25.67,120.6,119,10.25,152.8,81,6.88,9.2,2,2.48,2
TAS,35,408,No,No,0,158.6,67,26.96,130.4,96,11.08,229.8,80,10.34,6.9,5,1.86,2
NSW,134,510,No,No,0,296,93,50.32,226.4,117,19.24,246.8,98,11.11,12.3,10,3.32,0
VIC,123,510,No,Yes,32,212.3,77,36.09,251.5,78,21.38,208.7,85,9.39,6.6,2,1.78,3
VIC,124,415,No,No,0,234.4,61,39.85,179.3,111,15.24,285.5,117,12.85,10.4,6,2.81,3
VIC,133,510,No,No,0,176.8,92,30.06,187.5,97,15.94,196.8,88,8.86,6.5,3,1.76,2
WA,185,415,No,Yes,19,157.3,123,26.74,257.7,94,21.9,190.4,107,8.57,9.6,6,2.59,0
TAS,1,415,No,Yes,26,146.6,68,24.92,172.8,67,14.69,173.8,113,7.82,10,2,2.7,1
NSW,107,415,No,No,0,260.5,108,44.29,102.4,110,8.7,129.7,148,5.84,9.8,5,2.65,1
VIC,91,415,No,Yes,20,146.1,98,24.84,277.4,104,23.58,137.7,100,6.2,6.2,3,1.67,1
SA,178,408,Yes,No,0,124.5,134,21.17,141.2,78,12,268.2,113,12.07,11.4,2,3.08,2
QLD,123,415,No,No,0,209.4,49,35.6,237.4,117,20.18,239.2,98,10.76,9.8,11,2.65,1
QLD,170,415,No,No,0,285.7,44,48.57,167.5,144,14.24,260,97,11.7,8.7,4,2.35,1
NSW,135,415,No,No,0,190.9,44,32.45,161.4,109,13.72,231.9,100,10.44,8.4,2,2.27,1
WA,85,408,No,No,0,144.4,88,24.55,264.6,105,22.49,185.4,94,8.34,9.9,3,2.67,1
SA,134,415,No,Yes,50,208.8,130,35.5,132.9,104,11.3,136.7,107,6.15,11.1,4,3,2
NSW,148,415,No,Yes,36,77.6,141,13.19,207,60,17.6,255.7,115,11.51,10.9,2,2.94,1
VIC,93,415,No,No,0,271.1,101,46.09,237.4,133,20.18,145.4,103,6.54,8.4,6,2.27,1
TAS,138,415,No,No,0,240.8,104,40.94,144.5,92,12.28,125.7,98,5.66,11.6,1,3.13,0
SA,159,510,No,No,0,114.8,98,19.52,192.6,101,16.37,259,108,11.66,12.2,5,3.29,0
QLD,103,415,No,Yes,34,138.8,80,23.6,142,108,12.07,183.8,77,8.27,11.8,7,3.19,1
QLD,150,408,No,Yes,27,209.8,112,35.67,155,80,13.18,251.5,111,11.32,7.2,6,1.94,0
VIC,37,408,No,No,0,134.9,98,22.93,248.4,130,21.11,236.2,113,10.63,14.7,2,3.97,3
WA,33,415,Yes,No,0,164,99,27.88,153.1,102,13.01,123.8,104,5.57,6.4,4,1.73,0
NSW,55,415,No,No,0,245.5,130,41.74,192.7,54,16.38,141.7,83,6.38,9.1,4,2.46,1
VIC,134,408,No,Yes,32,80.3,94,13.65,199.9,124,16.99,170.8,117,7.69,16.6,3,4.48,0
VIC,107,408,No,No,0,90.7,90,15.42,207.5,109,17.64,169.4,96,7.62,5.6,5,1.51,2
QLD,80,408,No,Yes,36,190.3,115,32.35,256.6,78,21.81,214.9,145,9.67,3.8,4,1.03,1
VIC,78,408,No,No,0,108.6,108,18.46,209.9,126,17.84,222.6,117,10.02,7.9,5,2.13,1
QLD,85,408,No,Yes,17,89.8,88,15.27,233.2,75,19.82,165.7,116,7.46,9.3,7,2.51,4
TAS,61,415,No,Yes,15,252.4,106,42.91,187.8,69,15.96,259.6,137,11.68,10,3,2.7,2
QLD,97,415,No,Yes,32,183.4,94,31.18,269.1,120,22.87,203.5,38,9.16,6.7,4,1.81,5
VIC,136,408,Yes,No,0,183.4,103,31.18,141.9,113,12.06,200.4,122,9.02,10.4,9,2.81,2
VIC,135,408,No,No,0,155.2,100,26.38,135.9,84,11.55,184.6,82,8.31,3.8,9,1.03,3
VIC,87,415,No,Yes,19,165.8,122,28.19,186.9,89,15.89,249.7,78,11.24,0,0,0,1
VIC,165,510,No,No,0,209.4,67,35.6,273.8,89,23.27,150.2,88,6.76,12.8,1,3.46,0
VIC,148,415,No,No,0,279.3,104,47.48,201.6,87,17.14,280.8,99,12.64,7.9,2,2.13,2
TAS,99,415,No,No,0,174.1,102,29.6,99.1,118,8.42,211.6,126,9.52,7.7,2,2.08,2
VIC,123,415,No,No,0,175.7,78,29.87,184.6,96,15.69,156.9,92,7.06,9.1,2,2.46,2
NSW,127,415,Yes,No,0,256.5,87,43.61,222.1,101,18.88,156.7,122,7.05,13,3,3.51,1
NSW,151,415,No,No,0,170.2,89,28.93,187.5,83,15.94,119.5,100,5.38,4.3,3,1.16,0
VIC,185,408,No,No,0,139.6,92,23.73,250.2,115,21.27,158.1,79,7.11,10.8,4,2.92,1
NSW,65,415,No,Yes,34,208.8,119,35.5,142.1,106,12.08,214.6,87,9.66,12.5,4,3.38,4
NSW,58,510,No,No,0,210.1,126,35.72,248.9,108,21.16,158.6,88,7.14,14.4,2,3.89,4
WA,104,415,No,No,0,113.6,87,19.31,158.6,98,13.48,187.7,87,8.45,10.5,6,2.84,2
QLD,44,415,No,No,0,202.6,89,34.44,163,96,13.86,268.1,151,12.06,8.3,3,2.24,0
QLD,58,408,No,No,0,174.4,112,29.65,265.8,122,22.59,182.4,87,8.21,0,0,0,4
QLD,108,415,No,No,0,210.6,117,35.8,164.2,103,13.96,201.4,68,9.06,9.4,5,2.54,0
VIC,132,510,No,No,0,121.5,88,20.66,253,124,21.51,195.7,120,8.81,10.7,4,2.89,1
NSW,80,415,No,No,0,127.8,67,21.73,181.6,112,15.44,197.3,63,8.88,15.9,2,4.29,2
VIC,162,415,No,No,0,135.2,98,22.98,242,107,20.57,246.9,96,11.11,10.2,2,2.75,2
VIC,110,510,No,No,0,99.4,62,16.9,275,86,23.38,212.1,94,9.54,16.7,3,4.51,2
WA,96,415,No,No,0,276.9,105,47.07,246.9,94,20.99,254.4,107,11.45,10.3,3,2.78,1
VIC,168,408,No,No,0,163.4,134,27.78,240.1,87,20.41,164,147,7.38,11.6,2,3.13,2
NSW,72,510,No,No,0,287.4,116,48.86,235.3,126,20,292.1,114,13.14,5,3,1.35,4
TAS,125,408,No,Yes,23,120.5,104,20.49,227.8,115,19.36,158.5,100,7.13,10.2,3,2.75,1
VIC,170,510,No,No,0,184.1,106,31.3,204.9,70,17.42,224.3,133,10.09,9.8,3,2.65,2
TAS,71,510,No,No,0,185,84,31.45,232.5,129,19.76,191.1,82,8.6,14.9,4,4.02,3
TAS,124,415,No,No,0,160.9,109,27.35,144.2,152,12.26,120.4,97,5.42,12.9,12,3.48,1
NSW,68,415,No,No,0,207.6,68,35.29,251.6,123,21.39,191.6,100,8.62,10.9,6,2.94,2
QLD,97,415,No,No,0,209.2,134,35.56,0,0,0,175.4,94,7.89,11.8,6,3.19,1
NSW,98,510,Yes,No,0,158.4,71,26.93,306.6,66,26.06,144.2,93,6.49,2.1,4,0.57,1
VIC,24,408,No,No,0,149,73,25.33,131,81,11.14,238.6,69,10.74,8.6,3,2.32,2
VIC,136,510,No,No,0,204.5,63,34.77,208.8,95,17.75,224,119,10.08,9.8,2,2.65,0
WA,44,408,No,No,0,288.8,86,49.1,175.9,87,14.95,215.4,106,9.69,9.5,2,2.57,0
VIC,96,415,No,Yes,40,108.6,90,18.46,206.4,154,17.54,126.3,118,5.68,13.4,4,3.62,0
NSW,31,415,No,No,0,97.5,129,16.58,260.4,78,22.13,88.7,100,3.99,7,5,1.89,1
QLD,72,415,No,No,0,166.5,102,28.31,261,103,22.19,262.7,85,11.82,13.3,5,3.59,0
NSW,24,415,No,No,0,156.2,104,26.55,90,101,7.65,205.1,116,9.23,7.3,5,1.97,1
TAS,112,415,No,Yes,31,225.2,89,38.28,256.8,117,21.83,249.7,87,11.24,11.5,1,3.11,4
TAS,117,415,Yes,No,0,287.4,118,48.86,259.6,84,22.07,153.2,86,6.89,10,3,2.7,1
NSW,137,415,No,Yes,19,175.3,96,29.8,241.3,146,20.51,211.4,109,9.51,7.8,2,2.11,0
WA,136,408,No,No,0,102.1,75,17.36,219.5,97,18.66,73.7,92,3.32,9.8,5,2.65,0
QLD,95,415,No,No,0,157.9,103,26.84,259.6,90,22.07,230,117,10.35,14,2,3.78,0
SA,82,415,No,Yes,19,146.5,73,24.91,246.4,65,20.94,199,114,8.96,4.1,4,1.11,1
NSW,145,415,No,No,0,245.8,116,41.79,286.7,91,24.37,240.7,115,10.83,9,13,2.43,1
VIC,56,415,Yes,No,0,177.7,114,30.21,215.6,110,18.33,236.7,67,10.65,10.5,5,2.84,1
VIC,155,408,Yes,No,0,250.8,146,42.64,152.5,105,12.96,148.1,104,6.66,10,5,2.7,2
VIC,133,408,No,No,0,117.8,100,20.03,199.2,105,16.93,244.1,119,10.98,11.8,4,3.19,0
SA,53,415,No,No,0,119.7,113,20.35,189.7,84,16.12,256.2,108,11.53,12.9,7,3.48,2
NSW,123,415,No,No,0,242.2,87,41.17,226.1,101,19.22,268.6,121,12.09,8.2,3,2.21,5
TAS,136,415,No,No,0,163.4,83,27.78,249.3,119,21.19,249.7,90,11.24,9.8,4,2.65,7
SA,57,415,No,No,0,161,113,27.37,208,134,17.68,208.1,81,9.36,8.4,4,2.27,3
VIC,62,408,No,No,0,128.7,111,21.88,169.5,104,14.41,193.6,97,8.71,10.3,5,2.78,1
NSW,112,415,No,No,0,81.6,94,13.87,268.1,112,22.79,140.8,75,6.34,8.6,18,2.32,1
SA,55,415,No,Yes,20,207.7,91,35.31,199.7,113,16.97,216.5,110,9.74,7.3,1,1.97,1
NSW,95,408,No,No,0,128.6,115,21.86,216.2,88,18.38,255.3,96,11.49,6.3,2,1.7,6
VIC,125,415,No,No,0,233.3,65,39.66,209.8,93,17.83,210.6,109,9.48,9.1,4,2.46,1
SA,1,415,No,No,0,182.1,106,30.96,134.9,106,11.47,152.3,75,6.85,10,3,2.7,5
VIC,98,415,No,Yes,36,168,81,28.56,163.2,125,13.87,172.7,120,7.77,8,2,2.16,6
NSW,105,415,No,No,0,251.6,88,42.77,175.1,103,14.88,184.4,112,8.3,5.4,5,1.46,1
NT,113,415,No,Yes,30,183.8,102,31.25,183.4,123,15.59,235,52,10.58,11.6,7,3.13,0
SA,99,408,No,No,0,256.4,44,43.59,214.5,105,18.23,233.7,75,10.52,7.9,1,2.13,3
WA,103,415,No,No,0,180.2,134,30.63,97.7,85,8.3,181.7,134,8.18,8.4,3,2.27,1
VIC,177,408,No,No,0,227.8,81,38.73,161.8,97,13.75,217,106,9.76,8,5,2.16,1
TAS,149,415,No,Yes,20,147.8,132,25.13,276.8,94,23.53,149.9,110,6.75,10.2,6,2.75,0
VIC,160,415,No,No,0,234.9,136,39.93,270.8,134,23.02,219.3,101,9.87,13.9,2,3.75,1
VIC,116,408,No,No,0,110.9,54,18.85,213.4,82,18.14,186.2,116,8.38,7.9,2,2.13,2
NSW,90,415,No,Yes,22,124.5,94,21.17,231.7,90,19.69,222.2,108,10,6.4,12,1.73,1
SA,148,415,Yes,No,0,233.5,81,39.7,187.7,71,15.95,122.3,97,5.5,9.6,2,2.59,0
QLD,147,415,No,Yes,35,197.3,134,33.54,141.1,99,11.99,212.1,90,9.54,10.1,4,2.73,2
NSW,95,510,No,No,0,58.2,96,9.89,202.1,126,17.18,210.5,97,9.47,10.4,5,2.81,0
QLD,201,510,No,No,0,212.7,72,36.16,225.2,90,19.14,195.1,99,8.78,7,6,1.89,1
VIC,80,415,No,No,0,151.5,89,25.76,131.7,78,11.19,235.3,131,10.59,11.8,4,3.19,0
WA,122,415,Yes,No,0,146.3,117,24.87,218.7,93,18.59,236,97,10.62,11.5,5,3.11,1
QLD,132,408,No,No,0,195.1,100,33.17,148.8,95,12.65,224.5,117,10.1,6.7,2,1.81,0
QLD,83,510,No,No,0,208.9,71,35.51,214.8,92,18.26,247.9,108,11.16,13,5,3.51,1
NSW,99,408,No,No,0,135.7,107,23.07,208.4,103,17.71,209,95,9.4,8.8,3,2.38,7
NSW,84,415,No,No,0,225.9,86,38.4,275.6,105,23.43,201.4,108,9.06,14.3,3,3.86,3
VIC,46,415,No,No,0,122.2,67,20.77,167.2,62,14.21,194.8,98,8.77,9.7,6,2.62,1
VIC,87,510,No,No,0,153.3,106,26.06,224.5,117,19.08,273.4,152,12.3,8.9,5,2.4,2
NSW,150,415,No,No,0,214,117,36.38,192.4,89,16.35,242.6,99,10.92,7.9,4,2.13,1
NSW,73,408,No,No,0,194.8,112,33.12,167.2,85,14.21,100.3,61,4.51,10.8,6,2.92,1
NSW,7,415,No,No,0,206.7,87,35.14,281.1,83,23.89,158.5,77,7.13,11,5,2.97,3
SA,89,415,No,Yes,12,188,105,31.96,151.3,107,12.86,201.9,132,9.09,10.5,3,2.84,2
VIC,131,408,Yes,No,0,122.3,83,20.79,118.8,94,10.1,147.9,95,6.66,13.7,3,3.7,3
SA,105,415,No,No,0,259.3,96,44.08,175.2,97,14.89,222.4,36,10.01,12,5,3.24,3
SA,108,408,Yes,No,0,115.1,114,19.57,211.3,70,17.96,136.1,85,6.12,13.8,3,3.73,2
NT,47,415,No,Yes,28,172.9,109,29.39,137.6,94,11.7,203.8,109,9.17,8.3,6,2.24,1
NT,101,415,Yes,No,0,156.4,116,26.59,130.4,114,11.08,207.3,109,9.33,7.3,5,1.97,1
QLD,182,415,No,Yes,24,128.1,104,21.78,143.4,127,12.19,191,98,8.59,11.6,3,3.13,1
SA,161,408,No,No,0,196.6,73,33.42,170.2,79,14.47,194.3,79,8.74,12.5,3,3.38,1
VIC,128,408,No,No,0,227.9,130,38.74,302.6,71,25.72,191.5,82,8.62,5.5,7,1.49,1
TAS,69,415,No,Yes,31,194.9,63,33.13,191.6,90,16.29,153,129,6.89,13.2,2,3.56,2
SA,113,408,No,Yes,34,44.9,63,7.63,134.2,82,11.41,168.4,118,7.58,13.3,3,3.59,1
WA,87,408,No,Yes,30,262.8,114,44.68,215.8,130,18.34,154.8,88,6.97,7.8,2,2.11,0
TAS,71,415,No,No,0,211.2,70,35.9,252.7,122,21.48,225.8,104,10.16,12.3,3,3.32,0
VIC,76,415,No,No,0,204,69,34.68,225.1,110,19.13,240.3,85,10.81,9.6,5,2.59,1
TAS,87,510,No,No,0,223.2,109,37.94,127.5,86,10.84,289.3,83,13.02,14.5,4,3.92,3
NSW,117,408,No,No,0,119,82,20.23,187.5,108,15.94,189.3,97,8.52,11.5,3,3.11,1
WA,177,415,No,No,0,266.1,91,45.24,225.2,79,19.14,224.7,58,10.11,8.9,8,2.4,3
VIC,95,415,No,No,0,134.4,104,22.85,152.4,95,12.95,236.5,80,10.64,9.4,3,2.54,1
NSW,76,415,No,No,0,171.1,78,29.09,257.2,83,21.86,91.6,92,4.12,16.2,3,4.37,1
VIC,66,415,No,No,0,170.5,103,28.99,254.3,77,21.62,197.3,138,8.88,10.5,2,2.84,2
NT,110,415,No,No,0,178.5,124,30.35,146.9,141,12.49,217.1,102,9.77,9.9,7,2.67,1
WA,204,510,No,No,0,205.2,145,34.88,154.8,95,13.16,191.4,77,8.61,14.1,5,3.81,3
VIC,32,415,No,Yes,31,232.8,97,39.58,183.5,111,15.6,206.8,111,9.31,13,2,3.51,0
SA,133,408,No,Yes,39,239.9,107,40.78,253.8,77,21.57,128.7,85,5.79,6.7,3,1.81,5
TAS,185,408,No,No,0,55.6,97,9.45,288.7,83,24.54,111.2,110,5,12.1,3,3.27,2
TAS,103,415,No,Yes,37,153.5,78,26.1,241.9,108,20.56,244.7,110,11.01,10.6,3,2.86,1
VIC,91,510,No,No,0,109.8,100,18.67,189.6,104,16.12,206.7,85,9.3,11.1,3,3,1
VIC,131,415,No,No,0,196.1,89,33.34,185.5,87,15.77,250,132,11.25,5.2,6,1.4,2
VIC,153,510,No,No,0,166.8,127,28.36,143.5,121,12.2,210.7,130,9.48,11.8,4,3.19,0
QLD,132,415,No,Yes,25,113.2,96,19.24,269.9,107,22.94,229.1,87,10.31,7.1,7,1.92,2
QLD,148,510,No,No,0,203,92,34.51,150.9,125,12.83,245.5,131,11.05,14.6,9,3.94,1
QLD,141,408,No,No,0,242.8,90,41.28,234.1,80,19.9,211.5,104,9.52,6,3,1.62,5
VIC,105,415,No,No,0,156.5,102,26.61,140.2,134,11.92,227.4,111,10.23,12.2,2,3.29,2
SA,169,408,No,No,0,266.7,105,45.34,158.2,88,13.45,287.7,111,12.95,13.8,3,3.73,3
NSW,127,415,No,Yes,23,182,80,30.94,216.1,85,18.37,156.9,82,7.06,9.8,4,2.65,1
TAS,57,415,No,No,0,85.9,92,14.6,193.9,127,16.48,231.5,93,10.42,10.1,2,2.73,0
VIC,123,415,No,Yes,33,146.6,87,24.92,114.8,59,9.76,220.4,99,9.92,2.9,7,0.78,0
QLD,103,510,No,Yes,35,110.5,101,18.79,208.3,81,17.71,87.4,77,3.93,13.9,2,3.75,4
SA,101,415,No,No,0,118.6,89,20.16,199.6,97,16.97,53.3,61,2.4,11.5,5,3.11,1
TAS,123,415,No,Yes,22,197.6,105,33.59,80,86,6.8,120.8,82,5.44,15.6,12,4.21,2
NSW,78,510,No,Yes,32,210.3,116,35.75,192.2,83,16.34,246.1,92,11.07,10.8,4,2.92,6
VIC,101,415,No,Yes,28,220.3,96,37.45,285.8,72,24.29,203,111,9.14,9.4,6,2.54,4
VIC,129,415,No,No,0,150,98,25.5,232.4,101,19.75,261.2,123,11.75,12.5,6,3.38,1
QLD,67,415,No,Yes,34,161.7,114,27.49,207.6,115,17.65,205.7,114,9.26,9.2,4,2.48,0
SA,37,415,No,No,0,191.4,116,32.54,167.4,99,14.23,216.5,112,9.74,14,5,3.78,3
VIC,64,415,Yes,No,0,146.7,83,24.94,148.3,91,12.61,238.6,69,10.74,12.5,3,3.38,3
VIC,173,510,No,No,0,109.4,103,18.6,101.3,111,8.61,167.3,106,7.53,7.8,7,2.11,1
VIC,135,510,No,No,0,144.1,115,24.5,249.8,68,21.23,211.4,82,9.51,13.6,3,3.67,1
TAS,75,415,No,Yes,42,248.9,93,42.31,170.8,108,14.52,104.5,91,4.7,11.2,8,3.02,1
VIC,88,415,No,No,0,85.7,112,14.57,221.6,70,18.84,190.6,75,8.58,11.6,3,3.13,4
SA,112,415,No,No,0,214.8,112,36.52,209.7,104,17.82,164.4,97,7.4,9.4,5,2.54,3
VIC,113,408,No,No,0,158.9,137,27.01,242.8,109,20.64,247.8,97,11.15,6.5,4,1.76,0
SA,121,510,No,Yes,28,110,94,18.7,141.5,76,12.03,237.3,87,10.68,6.4,3,1.73,2
VIC,70,415,No,No,0,152.8,145,25.98,183.6,102,15.61,151.8,75,6.83,10.5,2,2.84,1
WA,90,415,No,No,0,145.6,103,24.75,197.1,137,16.75,294.5,83,13.25,10.5,4,2.84,0
NSW,39,408,No,No,0,93.3,83,15.86,199.6,114,16.97,206.2,104,9.28,6.5,4,1.76,0
QLD,142,408,No,No,0,216.8,134,36.86,187.8,106,15.96,138.1,108,6.21,8.3,2,2.24,0
WA,176,408,No,No,0,201.9,101,34.32,154.7,78,13.15,164.4,79,7.4,9,2,2.43,1
NSW,105,408,No,No,0,146.4,81,24.89,225.1,80,19.13,230.1,117,10.35,8.5,2,2.3,1
VIC,57,415,No,No,0,272.7,74,46.36,224.9,85,19.12,178.2,104,8.02,10.5,3,2.84,2
SA,110,510,No,No,0,18.9,92,3.21,258.4,81,21.96,109.6,74,4.93,14.8,4,4,1
TAS,88,415,No,No,0,172.8,81,29.38,193.4,90,16.44,89.6,107,4.03,12.8,5,3.46,2
QLD,95,408,No,No,0,190.2,119,32.33,157.1,70,13.35,181.5,120,8.17,14,6,3.78,0
SA,147,415,No,No,0,130.6,83,22.2,208.1,144,17.69,204.6,72,9.21,15.6,3,4.21,3
TAS,101,415,No,No,0,158.4,92,26.93,188,117,15.98,219.7,125,9.89,13.5,4,3.65,4
VIC,115,415,No,No,0,166.5,111,28.31,236.2,98,20.08,205.6,92,9.25,15.6,2,4.21,1
VIC,103,415,No,No,0,129.3,103,21.98,202.8,89,17.24,233,126,10.49,12.9,2,3.48,2
VIC,82,415,No,No,0,199.3,112,33.88,193.4,120,16.44,254.4,117,11.45,7,10,1.89,0
WA,141,415,No,No,0,185.1,126,31.47,233,98,19.81,152.2,106,6.85,9.1,7,2.46,0
NSW,149,408,No,No,0,175.4,80,29.82,197.4,127,16.78,188.2,102,8.47,9.7,2,2.62,2
NSW,131,510,No,No,0,263.4,123,44.78,151.9,74,12.91,218.5,101,9.83,10.7,2,2.89,2
NSW,119,510,No,No,0,94.2,108,16.01,264.1,100,22.45,203.7,79,9.17,7.3,3,1.97,1
QLD,112,510,No,No,0,189.4,83,32.2,219,89,18.62,168,116,7.56,7.1,8,1.92,3
VIC,116,510,No,Yes,35,118,103,20.06,167.2,106,14.21,205.7,102,9.26,11.8,2,3.19,2
VIC,94,415,No,No,0,212.1,98,36.06,189.4,89,16.1,352.2,95,15.85,8.4,5,2.27,3
SA,90,408,No,No,0,222,93,37.74,187,103,15.9,282.3,124,12.7,12.4,6,3.35,2
QLD,114,415,No,Yes,31,222.8,98,37.88,180.5,105,15.34,151.3,101,6.81,13,4,3.51,0
VIC,63,408,No,Yes,25,190,137,32.3,116.6,76,9.91,141.5,110,6.37,12.2,2,3.29,1
TAS,130,408,No,No,0,271.8,129,46.21,237.2,128,20.16,210.1,91,9.45,8.7,2,2.35,4
QLD,122,408,No,Yes,29,195.4,83,33.22,268.2,93,22.8,168,95,7.56,8.4,6,2.27,3
SA,166,510,No,No,0,199.6,93,33.93,214.3,99,18.22,196.8,110,8.86,7.2,5,1.94,3
WA,62,415,No,No,0,100,98,17,173.5,95,14.75,218,122,9.81,10.1,4,2.73,0
TAS,78,415,No,Yes,21,160.6,85,27.3,223.1,79,18.96,124,92,5.58,9.5,1,2.57,2
NSW,148,415,No,Yes,26,158.7,91,26.98,160.5,127,13.64,218.3,88,9.82,9.9,3,2.67,1
WA,154,510,No,No,0,154.5,122,26.27,214.2,71,18.21,178,105,8.01,12,2,3.24,3
VIC,110,408,No,Yes,34,192.3,114,32.69,129.3,114,10.99,136.3,102,6.13,6.3,12,1.7,1
SA,75,415,No,No,0,305.1,106,51.87,188,115,15.98,235.4,116,10.59,8.5,5,2.3,0
NSW,84,408,No,Yes,38,193,106,32.81,153.6,106,13.06,260.4,87,11.72,7.4,5,2,2
VIC,113,510,No,No,0,72.5,88,12.33,204,112,17.34,117.9,118,5.31,6.6,3,1.78,1
TAS,181,510,No,Yes,40,105.2,61,17.88,341.3,79,29.01,165.7,97,7.46,6.3,3,1.7,2
SA,51,415,No,No,0,180.5,88,30.69,134.7,102,11.45,170.7,97,7.68,10,3,2.7,2
TAS,102,408,No,Yes,29,214.7,86,36.5,314.3,109,26.72,280.2,110,12.61,14.3,2,3.86,0
QLD,107,408,No,No,0,86.8,95,14.76,108.1,85,9.19,204.3,87,9.19,13.2,3,3.56,1
VIC,88,510,No,No,0,131.5,99,22.36,174.8,128,14.86,184.2,83,8.29,7.9,2,2.13,5
SA,82,415,No,No,0,135.4,102,23.02,237.1,122,20.15,118.3,91,5.32,17.5,4,4.73,0
VIC,204,415,No,No,0,174.3,85,29.63,254.1,95,21.6,176.4,96,7.94,5.9,3,1.59,6
VIC,130,510,No,No,0,203.9,63,34.66,191.8,93,16.3,132.5,125,5.96,12.1,4,3.27,3
NT,174,510,No,No,0,235.5,108,40.04,142.3,143,12.1,316.7,131,14.25,12.5,5,3.38,0
WA,129,415,No,No,0,157,113,26.69,256.9,97,21.84,185.5,126,8.35,12.1,2,3.27,2
VIC,190,415,Yes,No,0,111.9,55,19.02,223,124,18.96,243.2,81,10.94,10,7,2.7,3
VIC,54,510,Yes,No,0,236.3,91,40.17,152.8,130,12.99,160.3,98,7.21,11.2,8,3.02,3
NSW,78,408,No,No,0,163.6,88,27.81,283.4,93,24.09,262.1,108,11.79,8.6,9,2.32,0
TAS,100,415,No,Yes,29,213.6,127,36.31,175.9,82,14.95,207.2,100,9.32,8.9,3,2.4,1
VIC,70,510,No,Yes,30,143.4,72,24.38,170,92,14.45,127.9,68,5.76,9.4,4,2.54,3
TAS,111,510,No,No,0,78.3,119,13.31,198.2,94,16.85,248.5,94,11.18,12.1,4,3.27,1
SA,117,408,No,No,0,97.1,98,16.51,228,131,19.38,240,111,10.8,10.6,3,2.86,1
VIC,68,415,No,No,0,94.1,93,16,147.6,80,12.55,213.5,85,9.61,10.1,2,2.73,0
NSW,27,510,No,No,0,226.3,95,38.47,274.3,109,23.32,242.7,119,10.92,8.2,3,2.21,2
VIC,91,415,No,No,0,133.8,61,22.75,158.8,96,13.5,189.6,92,8.53,10.5,2,2.84,1
QLD,181,415,No,Yes,27,190.3,93,32.35,249,127,21.17,215.7,82,9.71,10.6,4,2.86,1
TAS,118,415,No,Yes,36,294.9,106,50.13,165.7,115,14.08,189.2,63,8.51,9.8,5,2.65,3
VIC,112,415,No,No,0,185.4,114,31.52,191.4,119,16.27,144,78,6.48,10,11,2.7,2
TAS,93,415,No,No,0,179.5,121,30.52,191.9,131,16.31,165.5,125,7.45,12,4,3.24,0
TAS,102,408,No,No,0,158,94,26.86,207.9,100,17.67,190.4,120,8.57,10.1,10,2.73,0
QLD,93,415,No,No,0,173,131,29.41,190.4,108,16.18,290,66,13.05,10.4,2,2.81,0
TAS,107,415,No,Yes,32,134.2,101,22.81,211.9,145,18.01,167.6,138,7.54,8.2,5,2.21,1
NSW,100,415,No,Yes,32,125.2,123,21.28,230.9,101,19.63,192,106,8.64,12.6,9,3.4,3
QLD,115,415,No,No,0,195.9,111,33.3,227,108,19.3,313.2,113,14.09,13.2,1,3.56,2
WA,63,510,No,Yes,13,214.2,61,36.41,181.2,88,15.4,174,68,7.83,10.3,2,2.78,0
VIC,57,415,No,No,0,221.1,101,37.59,236.7,65,20.12,252.3,137,11.35,9.5,1,2.57,0
VIC,119,408,No,Yes,26,132,100,22.44,173.3,121,14.73,203.5,108,9.16,11.6,5,3.13,1
TAS,73,408,No,No,0,157.6,92,26.79,198.3,87,16.86,364.9,106,16.42,9.1,4,2.46,1
NSW,98,408,No,Yes,30,110.3,71,18.75,182.4,108,15.5,183.8,88,8.27,11,8,2.97,2
SA,139,415,Yes,No,0,161.5,121,27.46,192.9,137,16.4,168.3,96,7.57,11.2,13,3.02,0
VIC,31,408,No,Yes,28,171.8,116,29.21,240.7,125,20.46,245.5,80,11.05,10.6,7,2.86,1
WA,129,510,No,Yes,32,211,99,35.87,155.1,89,13.18,234.8,96,10.57,11.4,5,3.08,1
WA,115,415,No,No,0,139.3,89,23.68,192.3,95,16.35,151,75,6.8,9.3,3,2.51,7
NSW,108,415,No,No,0,291.6,99,49.57,221.1,93,18.79,229.2,110,10.31,14,9,3.78,2
QLD,139,408,No,No,0,139,110,23.63,132.9,93,11.3,272,120,12.24,12.1,1,3.27,0
VIC,102,408,No,No,0,234.8,125,39.92,199.2,99,16.93,163.2,88,7.34,10,1,2.7,4
WA,149,408,No,No,0,187.6,83,31.89,201.4,81,17.12,264.2,79,11.89,8.8,1,2.38,1
SA,113,415,No,No,0,159.8,143,27.17,210.1,93,17.86,175.1,86,7.88,13.1,7,3.54,2
NSW,131,408,No,Yes,33,177.1,100,30.11,194,85,16.49,253.4,124,11.4,5.2,5,1.4,1
NT,83,408,No,No,0,117.9,101,20.04,160.4,92,13.63,235.3,150,10.59,11.4,10,3.08,0
WA,96,415,No,Yes,21,247.6,95,42.09,256.3,150,21.79,158.6,72,7.14,10.8,6,2.92,2
TAS,98,408,No,No,0,169.9,77,28.88,138.3,155,11.76,142.6,105,6.42,8.5,7,2.3,1
NSW,3,415,No,No,0,185,120,31.45,203.7,129,17.31,170.5,89,7.67,14.1,3,3.81,3
QLD,77,408,No,Yes,17,204.9,84,34.83,201,102,17.09,219.7,97,9.89,11.3,5,3.05,0
NSW,75,408,No,Yes,24,225.5,119,38.34,182,108,15.47,270.9,106,12.19,9.4,2,2.54,3
VIC,40,510,No,No,0,169.7,115,28.85,141.4,123,12.02,253,115,11.39,10.5,3,2.84,4
TAS,108,415,No,No,0,239.3,102,40.68,223.4,127,18.99,251.4,104,11.31,10.6,6,2.86,0
QLD,100,415,No,No,0,113.3,96,19.26,197.9,89,16.82,284.5,93,12.8,11.7,2,3.16,4
QLD,16,415,No,No,0,161.9,100,27.52,230.1,138,19.56,148.8,78,6.7,10.2,11,2.75,3
VIC,115,510,No,Yes,16,133.3,110,22.66,185.7,111,15.78,161.5,113,7.27,5.6,4,1.51,2
WA,108,510,No,Yes,25,170.7,88,29.02,109.9,113,9.34,165.7,99,7.46,8.7,1,2.35,3
VIC,107,510,No,No,0,189.7,76,32.25,156.1,65,13.27,244,91,10.98,8.3,3,2.24,5
NSW,161,415,No,No,0,322.3,100,54.79,230.4,135,19.58,241.5,104,10.87,7.8,5,2.11,2
VIC,147,415,No,No,0,124.4,74,21.15,320.9,78,27.28,157.2,126,7.07,10.4,4,2.81,2
NT,107,415,No,No,0,146.9,94,24.97,114.3,111,9.72,114.5,97,5.15,11.4,5,3.08,3
VIC,120,510,No,No,0,192.6,123,32.74,206.4,105,17.54,283.2,93,12.74,10.8,3,2.92,1
TAS,107,408,No,Yes,36,96.3,83,16.37,179.6,91,15.27,166.3,121,7.48,10.3,2,2.78,1
TAS,58,510,No,No,0,131.9,96,22.42,167.6,107,14.25,205.9,106,9.27,14.7,5,3.97,3
VIC,91,408,No,No,0,147.2,121,25.02,175.2,87,14.89,136.3,80,6.13,13.3,3,3.59,2
QLD,13,415,No,No,0,143.1,139,24.33,239.6,88,20.37,221.7,123,9.98,7.1,5,1.92,2
NSW,104,408,No,No,0,280.4,127,47.67,179.4,79,15.25,150.6,77,6.78,15.2,6,4.1,5
QLD,93,415,No,Yes,31,237.2,85,40.32,213.1,100,18.11,192.7,87,8.67,10.7,4,2.89,1
QLD,95,510,No,No,0,184.2,95,31.31,181.6,101,15.44,143.4,113,6.45,12.8,4,3.46,2
TAS,104,415,No,No,0,109.1,141,18.55,187.1,140,15.9,216.6,100,9.75,10,4,2.7,3
TAS,35,408,No,No,0,138.1,115,23.48,158.2,82,13.45,215.7,118,9.71,10.3,2,2.78,5
VIC,62,415,No,No,0,186.8,94,31.76,207.6,92,17.65,195,98,8.78,8.8,4,2.38,3
VIC,143,510,No,No,0,155.4,112,26.42,290.9,92,24.73,228.4,91,10.28,13.9,5,3.75,1
NSW,62,415,No,No,0,245.3,91,41.7,122.9,130,10.45,228.4,102,10.28,8.5,4,2.3,4
WA,60,415,Yes,No,0,205.9,97,35,277.4,117,23.58,202,139,9.09,11,2,2.97,0
TAS,41,510,No,No,0,207.2,138,35.22,214.1,83,18.2,193,105,8.69,11.9,4,3.21,1
QLD,34,415,No,Yes,14,151.5,100,25.76,248.7,126,21.14,199.8,120,8.99,10.7,5,2.89,2
VIC,56,408,No,No,0,221.9,112,37.72,278.2,122,23.65,288.1,85,12.96,7.1,5,1.92,0
NSW,183,415,No,No,0,190,100,32.3,246.6,78,20.96,304.2,107,13.69,9.5,4,2.57,1
TAS,94,415,No,No,0,220.8,111,37.54,156.2,67,13.28,187.9,89,8.46,10.5,4,2.84,2
VIC,73,415,No,Yes,47,173.7,117,29.53,204,114,17.34,174.6,94,7.86,6.3,3,1.7,2
NSW,123,408,No,No,0,114.8,94,19.52,150,104,12.75,268.6,119,12.09,9.6,4,2.59,2
NSW,64,408,No,No,0,113.8,97,19.35,192.3,97,16.35,214.9,89,9.67,10.4,1,2.81,3
WA,127,415,Yes,No,0,143.2,60,24.34,179.5,159,15.26,171.8,122,7.73,6.2,4,1.67,4
NSW,33,415,No,No,0,184.4,111,31.35,203.8,110,17.32,237.4,100,10.68,9.3,5,2.51,3
NSW,27,415,No,No,0,227.4,67,38.66,248,115,21.08,61.4,109,2.76,7.8,6,2.11,1
TAS,123,408,No,No,0,224,99,38.08,210.7,80,17.91,231.9,75,10.44,2.1,5,0.57,0
VIC,148,510,No,No,0,216.2,95,36.75,185.7,105,15.78,300,143,13.5,10,5,2.7,2
QLD,81,415,No,No,0,129.9,121,22.08,230.1,105,19.56,140.5,123,6.32,13.3,3,3.59,0
NSW,122,510,No,Yes,30,230.1,108,39.12,287.6,76,24.45,177.1,85,7.97,6.9,3,1.86,2
SA,52,415,No,No,0,204.4,97,34.75,273.2,128,23.22,179.6,118,8.08,11,5,2.97,1
WA,91,408,No,Yes,44,216.6,101,36.82,173.1,98,14.71,242.1,95,10.89,9.1,3,2.46,1
WA,54,415,No,No,0,247.5,85,42.08,225.4,93,19.16,244.3,132,10.99,10.2,2,2.75,2
TAS,152,510,No,No,0,228.1,93,38.78,136.4,106,11.59,197.3,107,8.88,9,2,2.43,1
SA,201,415,No,No,0,225.9,110,38.4,299.1,86,25.42,251.3,81,11.31,11.2,4,3.02,1
NT,78,415,No,No,0,103.5,115,17.6,117.9,102,10.02,201,94,9.05,12,3,3.24,4
VIC,67,415,No,No,0,115.5,70,19.64,252.2,143,21.44,208.9,91,9.4,7.5,6,2.03,0
TAS,100,408,No,No,0,218.8,125,37.2,148.3,102,12.61,277.8,97,12.5,9.7,6,2.62,1
NSW,41,510,No,No,0,223.8,67,38.05,244.8,74,20.81,223.8,156,10.07,12.3,5,3.32,3
SA,133,415,No,No,0,143.8,71,24.45,184,131,15.64,275.5,132,12.4,12.9,4,3.48,3
TAS,36,408,No,Yes,43,29.9,123,5.08,129.1,117,10.97,325.9,105,14.67,8.6,6,2.32,2
WA,51,510,No,Yes,28,276.7,121,47.04,203.7,99,17.31,246.2,88,11.08,8.3,3,2.24,0
VIC,122,415,No,No,0,141.4,128,24.04,146.4,70,12.44,123,75,5.54,8.1,4,2.19,0
NSW,84,408,No,Yes,41,153.9,102,26.16,140.7,117,11.96,217.7,101,9.8,12.8,5,3.46,1
VIC,91,415,No,No,0,190.5,128,32.39,205.5,103,17.47,130.7,63,5.88,13.8,5,3.73,0
QLD,110,408,No,No,0,192.6,102,32.74,178.9,118,15.21,214.6,74,9.66,9.4,4,2.54,1
QLD,91,408,Yes,No,0,151.8,115,25.81,103.6,116,8.81,156.3,86,7.03,12.2,4,3.29,1
QLD,121,408,No,No,0,215.6,74,36.65,192.9,98,16.4,144,103,6.48,10.1,4,2.73,5
VIC,109,415,No,No,0,180,100,30.6,229,103,19.47,139.4,105,6.27,7.8,8,2.11,3
VIC,95,510,No,No,0,157.3,116,26.74,197.5,77,16.79,128.2,111,5.77,8.4,4,2.27,2
NSW,72,415,No,No,0,196.5,88,33.41,158.6,129,13.48,269.3,118,12.12,6.8,3,1.84,0
VIC,73,415,No,No,0,240.3,130,40.85,162.5,83,13.81,231.9,136,10.44,11.9,3,3.21,0
TAS,108,415,No,No,0,193.3,126,32.86,154.7,85,13.15,174.8,98,7.87,9.4,6,2.54,3
VIC,58,408,No,Yes,39,211.9,40,36.02,274.4,76,23.32,210.5,139,9.47,5.4,4,1.46,1
NSW,148,415,Yes,No,0,218.7,111,37.18,155.6,133,13.23,277.4,62,12.48,8.2,5,2.21,1
WA,76,510,Yes,No,0,246.8,110,41.96,206.3,63,17.54,208.4,123,9.38,13.2,5,3.56,0
NT,103,415,No,No,0,174.7,151,29.7,148,56,12.58,168.2,109,7.57,15.8,3,4.27,6
VIC,87,415,No,No,0,240,83,40.8,134.1,106,11.4,189.1,84,8.51,9.3,2,2.51,0
WA,35,510,No,Yes,37,181.2,76,30.8,177.6,98,15.1,228,136,10.26,5,3,1.35,2
VIC,88,415,No,No,0,113.7,67,19.33,165.1,127,14.03,141.5,142,6.37,10.8,3,2.92,1
NSW,67,415,No,Yes,41,174.7,86,29.7,160.6,93,13.65,155.3,108,6.99,13.4,1,3.62,0
NT,77,510,No,Yes,29,211.1,89,35.89,223.5,97,19,148.4,106,6.68,9.7,9,2.62,2
SA,124,510,No,No,0,169.3,108,28.78,178.6,91,15.18,242.3,82,10.9,12.2,3,3.29,1
NSW,30,415,No,No,0,247.4,107,42.06,175.9,76,14.95,287.4,90,12.93,11.3,2,3.05,0
QLD,53,415,No,Yes,32,131.2,63,22.3,227.4,125,19.33,178.9,105,8.05,12.8,2,3.46,2
WA,152,510,No,No,0,161.4,84,27.44,163.6,88,13.91,153.2,121,6.89,11.8,5,3.19,1
VIC,100,510,Yes,No,0,107.2,98,18.22,86.8,122,7.38,156.2,117,7.03,9.7,4,2.62,1
VIC,59,408,No,Yes,32,211.9,120,36.02,202.9,136,17.25,213.5,95,9.61,8.8,5,2.38,1
WA,143,510,No,No,0,160.4,120,27.27,285.9,104,24.3,182.5,85,8.21,6.9,4,1.86,3
WA,142,510,No,Yes,40,230.7,101,39.22,256.8,88,21.83,263.9,92,11.88,6.4,3,1.73,1
NT,105,408,No,No,0,232.6,96,39.54,253.4,117,21.54,154,101,6.93,10.5,9,2.84,1
VIC,111,408,No,No,0,294.7,90,50.1,294.6,72,25.04,260.1,121,11.7,10.8,3,2.92,1
WA,143,510,No,No,0,133.4,107,22.68,223.9,117,19.03,180.4,85,8.12,10.2,13,2.75,1
VIC,93,408,No,Yes,22,306.2,123,52.05,189.7,83,16.12,240.3,107,10.81,11.7,2,3.16,0
VIC,79,415,No,No,0,236.8,135,40.26,186.4,87,15.84,126.9,112,5.71,10.4,5,2.81,2
VIC,68,415,Yes,Yes,24,125.7,92,21.37,275.9,98,23.45,214.5,108,9.65,14.2,6,3.83,3
NSW,93,510,Yes,No,0,168.4,114,28.63,276,127,23.46,196.2,48,8.83,11.4,3,3.08,1
NT,103,415,No,No,0,70.9,134,12.05,134.5,112,11.43,168.8,164,7.6,12,6,3.24,2
VIC,144,510,No,Yes,38,105,86,17.85,121.8,123,10.35,221.5,122,9.97,3.7,4,1,0
WA,93,415,No,No,0,152.1,141,25.86,215.5,107,18.32,262.4,111,11.81,12,7,3.24,1
WA,149,510,Yes,No,0,180.9,79,30.75,194.9,83,16.57,197.8,109,8.9,8.8,9,2.38,3
VIC,23,510,No,Yes,31,156.6,84,26.62,161.5,96,13.73,294.6,107,13.26,9.4,6,2.54,1
NSW,221,510,No,Yes,24,180.5,85,30.69,224.1,92,19.05,205.7,103,9.26,2.4,3,0.65,0
NSW,164,510,No,Yes,30,238.8,100,40.6,230,121,19.55,206.3,66,9.28,13.2,8,3.56,1
NSW,104,415,No,Yes,18,182.1,66,30.96,213.6,65,18.16,193,108,8.69,13.4,9,3.62,2
VIC,150,415,No,Yes,35,139.6,72,23.73,332.8,170,28.29,213.8,105,9.62,8.8,2,2.38,2
WA,184,408,No,Yes,12,200.3,76,34.05,253.6,105,21.56,149.3,93,6.72,10.2,5,2.75,0
TAS,88,408,No,No,0,153.5,94,26.1,251.7,118,21.39,182.2,99,8.2,8.5,6,2.3,1
QLD,61,415,Yes,Yes,29,128.2,119,21.79,171.7,83,14.59,250.9,114,11.29,11.7,6,3.16,3
NSW,110,408,No,No,0,159.5,145,27.12,202.3,101,17.2,256,96,11.52,16.7,2,4.51,2
NSW,115,415,No,No,0,226.4,101,38.49,276.8,60,23.53,213.4,82,9.6,12.3,4,3.32,3
WA,33,408,No,No,0,251.9,81,42.82,194.6,96,16.54,211.2,87,9.5,8.4,3,2.27,2
VIC,100,510,No,No,0,264.5,117,44.97,194,111,16.49,262.7,111,11.82,7.5,4,2.03,2
VIC,209,415,No,No,0,153.7,105,26.13,188.6,87,16.03,200.8,95,9.04,10.7,2,2.89,0
SA,27,510,No,No,0,232.1,81,39.46,210.8,101,17.92,165.4,87,7.44,15,6,4.05,5
NSW,117,415,No,No,0,201.9,86,34.32,212.3,96,18.05,176.9,98,7.96,7.8,10,2.11,1
QLD,87,408,No,No,0,186.9,79,31.77,182.6,105,15.52,143.1,90,6.44,4.2,14,1.13,1
VIC,129,510,No,Yes,27,196.6,89,33.42,180.6,95,15.35,245,83,11.03,6.6,5,1.78,1
WA,142,510,No,No,0,232.1,102,39.46,168.2,110,14.3,197.3,120,8.88,9.9,3,2.67,1
WA,112,415,No,No,0,166,79,28.22,74.6,100,6.34,247.9,74,11.16,6.3,7,1.7,0
QLD,75,510,No,Yes,28,200.6,96,34.1,164.1,111,13.95,169.6,153,7.63,2.5,5,0.68,1
TAS,97,408,No,Yes,25,141,101,23.97,212,85,18.02,175.2,138,7.88,4.9,2,1.32,3
TAS,121,408,No,Yes,34,245,95,41.65,216.9,66,18.44,112.4,125,5.06,7.5,8,2.03,0
SA,142,415,Yes,No,0,140.8,140,23.94,228.6,119,19.43,152.9,88,6.88,10.9,7,2.94,1
WA,121,510,No,No,0,255.1,93,43.37,266.9,97,22.69,197.7,118,8.9,8.8,3,2.38,3
NSW,87,415,No,Yes,33,125,99,21.25,235.3,81,20,215.3,95,9.69,10.2,7,2.75,2
NSW,34,408,No,No,0,180.6,65,30.7,280.4,99,23.83,292.4,105,13.16,5,3,1.35,1
TAS,177,415,Yes,No,0,248.7,118,42.28,172.3,73,14.65,191.9,87,8.64,11.3,2,3.05,1
QLD,58,415,No,Yes,30,178.1,111,30.28,236.7,109,20.12,264,118,11.88,8.4,2,2.27,0
WA,113,415,Yes,No,0,122.2,112,20.77,131.7,94,11.19,169.5,106,7.63,10.3,9,2.78,5
NSW,101,415,No,No,0,231.3,87,39.32,224.7,88,19.1,214.6,69,9.66,7.2,7,1.94,1
SA,89,415,No,No,0,111.2,101,18.9,122.1,94,10.38,180.8,85,8.14,12.6,2,3.4,3
NSW,77,408,Yes,Yes,44,103.2,117,17.54,236.3,86,20.09,203.5,101,9.16,11.9,2,3.21,0
WA,146,510,No,No,0,138.4,104,23.53,158.9,122,13.51,47.4,73,2.13,3.9,9,1.05,4
TAS,93,415,No,No,0,146.3,85,24.87,216.6,95,18.41,233,82,10.49,11.5,3,3.11,0
VIC,160,415,No,No,0,206.3,66,35.07,241.1,109,20.49,227.8,102,10.25,11.7,6,3.16,0
NSW,55,415,No,No,0,132,103,22.44,279.6,114,23.77,180,74,8.1,13.5,4,3.65,0
VIC,88,408,No,No,0,274.6,105,46.68,161.1,121,13.69,194.4,123,8.75,9.2,4,2.48,2
SA,63,510,No,No,0,185.3,87,31.5,225.3,87,19.15,194.3,93,8.74,11.7,3,3.16,0
NSW,127,415,No,Yes,24,154.8,69,26.32,177.2,105,15.06,207.6,102,9.34,9,4,2.43,1
NSW,57,415,No,Yes,30,179.2,105,30.46,283.2,83,24.07,228.1,77,10.26,14.7,5,3.97,1
NSW,138,510,Yes,No,0,286.2,61,48.65,187.2,60,15.91,146.2,114,6.58,11,4,2.97,2
WA,115,408,No,No,0,268,115,45.56,153.6,106,13.06,232.3,65,10.45,17,1,4.59,3
VIC,171,415,No,No,0,137.5,110,23.38,198.1,109,16.84,292.7,131,13.17,13.3,5,3.59,2
NSW,148,408,No,No,0,243,115,41.31,191.8,91,16.3,117.8,93,5.3,13.4,5,3.62,2
NSW,127,510,No,No,0,134.9,79,22.93,221.5,114,18.83,113.8,118,5.12,15,2,4.05,1
SA,61,415,No,No,0,234.2,76,39.81,216.7,108,18.42,130.6,122,5.88,13.9,2,3.75,1
VIC,131,415,No,No,0,175.1,73,29.77,171.9,116,14.61,131.1,94,5.9,7.3,6,1.97,1
NSW,88,408,No,No,0,142.2,107,24.17,262.4,84,22.3,139.2,99,6.26,10.1,5,2.73,1
VIC,130,510,No,No,0,132.4,81,22.51,200.3,110,17.03,202.5,103,9.11,6,1,1.62,2
NSW,89,415,No,Yes,24,97.8,98,16.63,207.2,67,17.61,214.5,126,9.65,5.9,2,1.59,0
NT,82,415,No,No,0,266.9,83,45.37,229.7,74,19.52,251.7,99,11.33,11,6,2.97,3
WA,138,510,No,Yes,33,155.2,139,26.38,268.3,79,22.81,186.4,71,8.39,9.7,4,2.62,3
VIC,115,415,No,No,0,200.2,92,34.03,244.9,107,20.82,190.9,96,8.59,8.8,3,2.38,1
WA,84,415,No,No,0,289.1,100,49.15,233.8,97,19.87,223.5,148,10.06,12.7,2,3.43,2
VIC,117,510,Yes,No,0,198.4,121,33.73,249.5,104,21.21,162.8,115,7.33,10.5,5,2.84,1
TAS,60,415,No,No,0,180.3,67,30.65,208,68,17.68,181.2,101,8.15,12.8,6,3.46,2
WA,62,415,No,No,0,86.3,84,14.67,238.7,99,20.29,238.4,79,10.73,12.5,1,3.38,2
WA,133,510,No,No,0,295,141,50.15,223.6,101,19.01,229.4,109,10.32,12.9,4,3.48,2
NSW,131,408,No,No,0,240.9,108,40.95,167.4,91,14.23,322.2,109,14.5,14.7,8,3.97,3
NSW,65,408,No,No,0,207.7,109,35.31,217.5,117,18.49,125.6,111,5.65,8,5,2.16,1
VIC,120,510,No,Yes,27,128.5,115,21.85,163.7,91,13.91,242.9,121,10.93,0,0,0,1
SA,142,510,No,Yes,22,224.4,114,38.15,146,106,12.41,241.4,98,10.86,8.8,2,2.38,1
WA,134,415,No,No,0,164.9,115,28.03,126.5,96,10.75,238.5,125,10.73,10,9,2.7,2
WA,87,415,No,No,0,238,97,40.46,164.5,97,13.98,282.5,132,12.71,10.6,6,2.86,2
TAS,139,415,No,Yes,43,231,85,39.27,222.3,82,18.9,148,105,6.66,8.3,5,2.24,2
WA,76,408,No,No,0,107.3,140,18.24,238.2,133,20.25,271.8,116,12.23,10,3,2.7,4
QLD,100,408,No,No,0,185,122,31.45,182.5,92,15.51,274.9,92,12.37,5.1,8,1.38,1
VIC,99,415,No,Yes,31,244.1,71,41.5,203.4,58,17.29,234,115,10.53,7.7,4,2.08,3
TAS,99,510,No,No,0,238.4,96,40.53,246.5,130,20.95,198.4,117,8.93,12.4,4,3.35,3
TAS,48,415,No,Yes,27,141.1,109,23.99,224.7,94,19.1,174.3,122,7.84,13.2,2,3.56,1
NSW,57,415,No,No,0,158.1,117,26.88,115.2,149,9.79,182.4,92,8.21,11.8,7,3.19,0
VIC,106,415,No,Yes,30,220.1,105,37.42,222.2,109,18.89,158.4,96,7.13,13.1,8,3.54,0
NSW,170,415,No,Yes,42,199.5,119,33.92,135,90,11.48,184.6,49,8.31,10.9,3,2.94,4
TAS,78,415,No,No,0,109.5,105,18.62,286.1,90,24.32,247.6,113,11.14,4.9,9,1.32,1
NSW,39,408,No,No,0,187.2,110,31.82,114.7,116,9.75,104.7,83,4.71,13.2,5,3.56,1
VIC,127,510,No,No,0,107.9,128,18.34,187,77,15.9,218.5,95,9.83,0,0,0,0
SA,119,510,Yes,Yes,22,172.1,119,29.26,223.6,133,19.01,150,94,6.75,13.9,20,3.75,1
NSW,114,408,No,No,0,203.8,85,34.65,87.8,110,7.46,166.2,122,7.48,11.7,4,3.16,1
NSW,95,408,No,No,0,160,133,27.2,215.3,98,18.3,188.9,87,8.5,9.1,4,2.46,0
NT,116,408,No,No,0,51.1,106,8.69,208.6,137,17.73,198,92,8.91,12.3,3,3.32,1
NSW,110,415,No,No,0,227.7,88,38.71,170,96,14.45,128.7,57,5.79,11.7,5,3.16,1
VIC,74,510,No,No,0,203.8,77,34.65,205.1,111,17.43,154.9,109,6.97,9,2,2.43,1
VIC,148,408,No,Yes,33,241.7,84,41.09,165.8,84,14.09,160.6,80,7.23,11.3,3,3.05,1
WA,83,510,No,No,0,78.1,70,13.28,239.3,115,20.34,144.4,112,6.5,12.3,4,3.32,1
NSW,73,408,No,No,0,187.8,95,31.93,149.2,143,12.68,201.4,113,9.06,11,4,2.97,2
TAS,111,415,No,Yes,21,127.1,94,21.61,228.3,116,19.41,166.7,108,7.5,7.1,3,1.92,1
VIC,84,415,No,No,0,280,113,47.6,202.2,90,17.19,156.8,103,7.06,10.4,4,2.81,0
NSW,28,510,No,No,0,180.8,109,30.74,288.8,58,24.55,191.9,91,8.64,14.1,6,3.81,2
WA,114,415,No,Yes,26,137.1,88,23.31,155.7,125,13.23,247.6,94,11.14,11.5,7,3.11,2
VIC,100,408,Yes,No,0,219.4,112,37.3,225.7,102,19.18,255.3,95,11.49,12,4,3.24,4
VIC,45,415,No,No,0,211.3,87,35.92,165.7,97,14.08,265.9,72,11.97,13.3,6,3.59,1
TAS,122,510,Yes,No,0,140,101,23.8,196.4,77,16.69,120.1,133,5.4,9.7,4,2.62,4
NSW,117,415,No,No,0,118.4,126,20.13,249.3,97,21.19,227,56,10.22,13.6,3,3.67,5
NT,127,408,No,No,0,102.8,128,17.48,143.7,95,12.21,191.4,97,8.61,10,5,2.7,1
VIC,149,415,No,Yes,18,148.5,106,25.25,114.5,106,9.73,178.3,98,8.02,6.5,4,1.76,0
VIC,60,415,No,No,0,193.9,118,32.96,85,110,7.23,210.1,134,9.45,13.2,8,3.56,3
VIC,128,415,No,No,0,147.7,94,25.11,283.3,83,24.08,188.3,124,8.47,6.9,5,1.86,2
TAS,79,415,No,No,0,134.7,98,22.9,189.7,68,16.12,221.4,128,9.96,11.8,5,3.19,2
VIC,68,415,No,No,0,231.1,57,39.29,153.4,55,13.04,191.3,123,8.61,9.6,4,2.59,3
NSW,58,415,No,Yes,22,224.1,127,38.1,238.8,85,20.3,174.2,86,7.84,11.5,7,3.11,2
VIC,184,510,Yes,No,0,213.8,105,36.35,159.6,84,13.57,139.2,137,6.26,5,10,1.35,2
VIC,78,408,No,No,0,193.4,99,32.88,116.9,88,9.94,243.3,109,10.95,9.3,4,2.51,2
VIC,103,510,No,Yes,29,164.1,111,27.9,219.1,96,18.62,220.3,108,9.91,12.3,9,3.32,0
NT,89,415,No,No,0,178.7,81,30.38,233.7,74,19.86,131.9,120,5.94,9.1,4,2.46,1
WA,52,415,No,No,0,124.9,131,21.23,300.5,118,25.54,192.5,106,8.66,11.6,4,3.13,2
VIC,159,415,No,No,0,169.8,114,28.87,197.7,105,16.8,193.7,82,8.72,11.6,4,3.13,1
TAS,181,408,No,No,0,229.9,130,39.08,144.4,93,12.27,262.4,110,11.81,14.2,4,3.83,2
NSW,74,415,No,Yes,25,234.4,113,39.85,265.9,82,22.6,241.4,77,10.86,13.7,4,3.7,0
NSW,89,415,No,No,0,115.4,99,19.62,209.9,115,17.84,280.9,112,12.64,15.9,6,4.29,3
VIC,75,510,Yes,No,0,153.2,78,26.04,210.8,99,17.92,153.5,100,6.91,7.8,3,2.11,1
QLD,106,408,No,Yes,29,83.6,131,14.21,203.9,131,17.33,229.5,73,10.33,8.1,3,2.19,1
NSW,71,510,Yes,No,0,186.1,114,31.64,198.6,140,16.88,206.5,80,9.29,13.8,5,3.73,4
WA,62,408,No,No,0,321.1,105,54.59,265.5,122,22.57,180.5,72,8.12,11.5,2,3.11,4
WA,172,408,No,No,0,203.9,109,34.66,234,123,19.89,160.7,65,7.23,17.8,4,4.81,4
VIC,96,415,No,No,0,106.6,128,18.12,284.8,87,24.21,178.9,92,8.05,14.9,7,4.02,1
VIC,94,415,No,No,0,190.4,91,32.37,92,107,7.82,224.8,108,10.12,13.6,17,3.67,2
NSW,163,415,Yes,No,0,197.2,90,33.52,188.5,113,16.02,211.1,94,9.5,7.8,8,2.11,1
TAS,192,415,No,Yes,36,156.2,77,26.55,215.5,126,18.32,279.1,83,12.56,9.9,6,2.67,2